ID_ENTIDAD;GUID_ENTIDAD;RUC;RAZON_SOCIAL;NOMBRE_COMERCIAL
1;4E0E8E3E-0CF5-44B1-B0DC-A37A0A4A8FFF;20148092282;UNIVERSIDAD NACIONAL MAYOR DE SAN MARCOS;UNIVERSIDAD NACIONAL MAYOR DE SAN MARCOS
2;C35E6B46-CC5C-471B-989F-4A712266963B;20143660754;UNIVERSIDAD NACIONAL DE SAN CRISTOBAL DE HUAMANGA;UNIVERSIDAD NACIONAL DE SAN CRISTÓBAL DE HUAMANGA
3;9BA71125-110B-4474-ABD9-4C2CC60F72A9;20172474501;UNIVERSIDAD NACIONAL DE SAN ANTONIO ABAD DEL CUSCO;UNIVERSIDAD NACIONAL DE SAN ANTONIO ABAD DEL CUSCO
4;CF5F8EBE-169D-4B78-B7F7-E74BF2CE9AA0;20172557628;UNIVERSIDAD NACIONAL DE TRUJILLO;UNIVERSIDAD NACIONAL DE TRUJILLO
5;BCFED468-7445-4854-A0E9-57E02FE44855;20163646499;UNIVERSIDAD NACIONAL DE SAN AGUSTIN DE AREQUIPA;UNIVERSIDAD NACIONAL DE SAN AGUSTÍN
6;EFA9C78A-06F3-4CF2-85AB-DD8C39556F0F;20169004359;UNIVERSIDAD NACIONAL DE INGENIERIA;UNIVERSIDAD NACIONAL DE INGENIERÍA
7;FCFCAE5C-77A9-478D-9E5F-5CDB53A112CD;20147897406;UNIVERSIDAD NACIONAL AGRARIA LA MOLINA;UNIVERSIDAD NACIONAL AGRARIA LA MOLINA
8;50E96ACF-EDBF-4AF6-803C-76B0A67E58BB;20155945860;PONTIFICIA UNIVERSIDAD CATOLICA DEL PERU;PONTIFICIA UNIVERSIDAD CATÓLICA DEL PERÚ
9;8290754D-96A7-432D-884B-72A007D17C8E;20148421014;UNIVERSIDAD NACIONAL SAN LUIS GONZAGA DE ICA;UNIVERSIDAD NACIONAL SAN LUIS GONZAGA
10;89B506DC-5DFB-4F21-ADC6-C71210F0C464;20145561095;UNIVERSIDAD NACIONAL DEL CENTRO DEL PERU;UNIVERSIDAD NACIONAL DEL CENTRO DEL PERÚ
11;F0213D94-32AB-4963-B312-64B20C2DEFF7;20180260316;UNIVERSIDAD NACIONAL DE LA AMAZONIA PERUANA;UNIVERSIDAD NACIONAL DE LA AMAZONÍA PERUANA
12;22604658-669E-457C-BC43-4D2F39B561DE;20145496170;UNIVERSIDAD NACIONAL DEL ALTIPLANO;UNIVERSIDAD NACIONAL DEL ALTIPLANO
13;7C34A3A9-3E5F-4587-A9FA-52F2DE9D983A;20172606777;UNIVERSIDAD NACIONAL DE PIURA;UNIVERSIDAD NACIONAL DE PIURA
14;7BE461BA-9A82-47D2-A78C-98F54CDC5444;20110768151;UNIVERSIDAD PERUANA CAYETANO HEREDIA;UNIVERSIDAD PERUANA CAYETANO HEREDIA
15;24694F41-EFDF-4CD5-B1E0-78ED83665AA5;20141637941;UNIVERSIDAD CATÓLICA DE SANTA MARIA;UNIVERSIDAD CATÓLICA DE SANTA MARÍA
16;34DF47BF-CD6E-4FC9-BE6C-0FF8EE8FE084;20148258601;UNIVERSIDAD NACIONAL DE CAJAMARCA;UNIVERSIDAD NACIONAL DE CAJAMARCA
17;D55DDF2B-F29A-4603-972D-D325521F6637;20109705129;UNIVERSIDAD DEL PACIFICO;UNIVERSIDAD DEL PACÍFICO
18;25322939-3B42-4864-913F-9D0B719460AB;20107798049;UNIVERSIDAD DE LIMA;UNIVERSIDAD DE LIMA
19;0CE6DA96-5D72-4BC9-B8BB-26675ABD45BB;20138149022;UNIVERSIDAD DE SAN MARTIN DE PORRES;UNIVERSIDAD DE SAN MARTÍN DE PORRES
20;3C0C9C48-9901-41DA-B703-4877610C84A7;20141230329;UNIVERSIDAD FEMENINA DEL SAGRADO CORAZON;UNIVERSIDAD FEMENINA DEL SAGRADO CORAZÓN
21;EC3C9335-AC2A-4DAD-BC99-007D05C32FF3;12121035645;UNIVERSIDAD NACIONAL FEDERICO VILLARREAL;UNIVERSIDAD NACIONAL FEDERICO VILLARREAL
22;B343A30F-6B6C-475A-AC7A-2F69D25AAB0B;20172356720;UNIVERSIDAD NACIONAL AGRARIA DE LA SELVA;UNIVERSIDAD NACIONAL AGRARIA DE LA SELVA
23;E019B64E-E1F5-4F6A-8C22-32F020203F61;20172383531;UNIVERSIDAD NACIONAL HERMILIO VALDIZAN;UNIVERSIDAD NACIONAL HERMILIO VALDIZÁN
24;3C4DBC85-61E2-44DA-8016-77771BD74773;20108383471;UNIVERSIDAD INCA GARCILAZO DE LA VEGA;UNIVERSIDAD INCA GARCILASO DE LA VEGA ASOCIACIÓN CIVIL
25;10FC288D-E96E-421C-A426-1A5F82AC7880;20174950971;UNIVERSIDAD ENRIQUE GUZMAN Y VALLE;UNIVERSIDAD NACIONAL DE EDUCACIÓN ENRIQUE GUZMÁN Y VALLE
26;6F303DE5-C5B0-4BDD-AED0-D1984F5852B4;20154605046;UNIVERSIDAD NACIONAL DANIEL ALCIDES CARRION;UNIVERSIDAD NACIONAL DANIEL ALCÍDES CARRIÓN
27;CEFA9EC7-881C-43ED-AE10-E544DD240E39;20138705944;UNIVERSIDAD NACIONAL DEL CALLAO;UNIVERSIDAD NACIONAL DEL CALLAO
28;516A9FB7-0980-4980-ABDB-EE9887C30C71;20172299742;UNIVERSIDAD NACIONAL JOSE FAUSTINO SANCHEZ CARRION;UNIVERSIDAD NACIONAL JOSÉ FAUSTINO SÁNCHEZ CARRIÓN
29;09E71524-455A-4872-80F3-96AF76CC3EE9;20172627421;UNIVERSIDAD DE PIURA;UNIVERSIDAD DE PIURA
30;16FD4D80-55A5-4FB2-8E01-64F8908BABA7;20147883952;UNIVERSIDAD RICARDO PALMA;UNIVERSIDAD RICARDO PALMA
31;C9CD59FC-F616-4C4F-BCFF-C13F0CA5B8CC;20105685875;UNIVERSIDAD NACIONAL PEDRO RUIZ GALLO - ENLACE;UNIVERSIDAD NACIONAL PEDRO RUÍZ GALLO
32;B7F04D09-3EBF-4CF6-86A3-702451320B7E;20147796634;UNIVERSIDAD NACIONAL JORGE BASADRE GROHMANN;UNIVERSIDAD NACIONAL JORGE BASADRE GROHMANN
33;A61612E7-737C-4ED8-A16F-CB7A5AE89908;20166550239;UNIVERSIDAD NACIONAL SANTIAGO ANTUNEZ DE MAYOLO;UNIVERSIDAD NACIONAL SANTIAGO ANTÚNEZ DE MAYOLO
34;9E42B743-9A2B-4271-8632-F947C9D966DA;20160766191;UNIVERSIDAD NACIONAL DE SAN MARTIN;UNIVERSIDAD NACIONAL DE SAN MARTÍN
35;3FD6DF2A-0FD1-4A48-A671-287192312EF6;20154598244;UNIVERSIDAD NACIONAL DE UCAYALI;UNIVERSIDAD NACIONAL DE UCAYALI
36;5BEDEA30-F2A2-4032-9877-5FAB30D57B87;20185851975;UNIVERSIDAD ANDINA NESTOR CACERES VELASQUEZ;UNIVERSIDAD ANDINA NÉSTOR CÁCERES VELÁSQUEZ
37;B1328A7D-481D-42F7-905F-5C797829FE4A;20129588463;UNIVERSIDAD PERUANA LOS ANDES;UNIVERSIDAD PERUANA LOS ANDES
38;93811F57-A3C7-4466-B232-5F42C3C6E55E;20138122256;UNIVERSIDAD PERUANA UNIÓN;UNIVERSIDAD PERUANA UNIÓN
39;FA78DB56-C2B5-47C3-9DA9-985F97493C83;20177395227;UNIVERSIDAD ANDINA DEL CUSCO;UNIVERSIDAD ANDINA DEL CUSCO
40;2DB2A773-DE38-4080-B49E-680D0C5275E9;20104985204;UNIVERSIDAD TECNOLOGICA DE LOS ANDES;UNIVERSIDAD TECNOLÓGICA DE LOS ANDES
41;70D8C31F-4A67-4B45-9811-31D071F25AA3;20177689051;UNIVERSIDAD NACIONAL DE TUMBES;UNIVERSIDAD NACIONAL DE TUMBES
42;CFFF677E-1A78-42B8-B9E9-ABC766631D0C;20148309109;UNIVERSIDAD NACIONAL DEL SANTA;UNIVERSIDAD NACIONAL DEL SANTA
43;4441BB6C-636F-497E-86E6-3B753F17AC37;20119917698;UNIVERSIDAD PRIVADA DE TACNA;UNIVERSIDAD PRIVADA DE TACNA
44;A64BA11C-418B-44F5-ACA7-F2C7AB5937B8;20209239541;UNIVERSIDAD PARTICULAR DE CHICLAYO;UNIVERSIDAD PARTICULAR DE CHICLAYO
46;8751DB4B-7022-4CF4-8689-CAD26620180E;20141878477;UNIVERSIDAD PRIVADA ANTENOR ORREGO;UNIVERSIDAD PRIVADA ANTENOR ORREGO
47;012A5B7B-AC3B-4C5A-8A76-F52576004A51;20120710436;UNIVERSIDAD DE HUÁNUCO;UNIVERSIDAD DE HUÁNUCO
49;42A03591-3439-40D0-BD4A-00676B4281CE;20111580996;UNIVERSIDAD MARCELINO CHAMPAGNAT;UNIVERSIDAD PRIVADA MARCELINO CHAMPAGNAT
51;D6D37098-9227-4B35-B8D2-10F90BF688EA;20168014962;UNIVERSIDAD NACIONAL DE HUANCAVELICA;UNIVERSIDAD NACIONAL DE HUANCAVELICA
54;77340F18-E7E4-4A4A-B9A7-3048429BCDA9;20211614545;UNIVERSIDAD PERUANA DE CIENCIAS APLICADAS S.A.C.;UNIVERSIDAD PERUANA DE CIENCIAS APLICADAS S.A.C.
55;967F467D-B496-4306-8539-6BE4FD95D1D0;20215276024;UNIVERSIDAD PRIVADA DEL NORTE S.A.C.;UNIVERSIDAD PRIVADA DEL NORTE S.A.C.
56;5F65D68F-32E8-4A40-AD11-48C23356D2FF;20297868790;UNIVERSIDAD SAN IGNACIO DE LOYOLA;UNIVERSIDAD SAN IGNACIO DE LOYOLA S.A.
57;EA0A198F-358F-41A7-AC78-6AD991C9FDF3;20303063766;UNIVERSIDAD ALAS PERUANAS S.A.;UNIVERSIDAD ALAS PERUANAS S.A.
58;D42CE573-EAE0-4DDF-AF7E-2FEF4B52C74B;20466246370;UNIVERSIDAD PRIVADA NORBERT WIENER;UNIVERSIDAD PRIVADA NORBERT WIENER
59;C0CDECF0-7B1C-4830-B4FD-117D86E124C7;20327998413;UNIVERSIDAD CATOLICA SAN PABLO;UNIVERSIDAD CATÓLICA SAN PABLO
61;DFB83D3F-93B2-46E4-83A2-6DED6210F7BD;20344818909;UNIVERSIDAD PRIVADA SAN JUAN BAUTISTA SOCIEDAD ANONIMA CERRADA - UPSJB SAC;ASOCIACIÓN UNIVERSIDAD PRIVADA SAN JUAN BAUTISTA
62;5A7E00FB-B598-431D-BF13-55A1492DA29D;20462509236;UNIVERSIDAD TECNOLOGICA DEL PERU S.A.C. O UTP S.A.C.;UNIVERSIDAD TECNOLÓGICA DEL PERÚ S.A.C.
63;167294E7-EB7D-405A-8707-52CDB7CC8C6B;20319363221;UNIVERSIDAD CONTINENTAL;UNIVERSIDAD CONTINENTAL DE CIENCIAS E INGENIERIA
64;47685431-5F40-4D76-A002-30F791D14E2F;20421239275;UNIVERSIDAD CIENTÍFICA DEL SUR S.A.C;UNIVERSIDAD CIENTÍFICA DEL SUR S.A.C.
65;DB1D39F0-1695-4648-97ED-B0913F6563CF;20395492129;UNIVERSIDAD CATOLICA SANTO TORIBIO DE MOGROVEJO;UNIVERSIDAD CATÓLICA SANTO TORIBIO DE MOGROVEJO
66;4BE26761-8453-492D-948C-CB4A9219E1A9;20411007376;UNIVERSIDAD PRIVADA ANTONIO GUILLERMO URRELO;UNIVERSIDAD PRIVADA ANTONIO GUILLERMO URRELO
67;35DBC0F9-65BE-4FB2-86AF-587C5DA488D9;20505378629;UNIVERSIDAD CATOLICA SEDES SAPIENTIAE;UNIVERSIDAD CATÓLICA SEDES SAPIENTIAE
68;2F837D7E-65A5-4105-BD61-35D68C81797F;20479748102;UNIVERSIDAD SEÑOR DE SIPAN S.A.C.;UNIVERSIDAD SEÑOR DE SIPÁN
70;3030B623-0B75-4927-BD18-7E961D04A2A1;20526917295;UNIVERSIDAD NACIONAL AMAZONICA DE MADRE DE DIOS;UNIVERSIDAD NACIONAL AMAZÓNICA DE MADRE DE DIOS
71;5FFA1F96-8600-409F-9961-6CBF2A1A407C;20479393568;UNIVERSIDAD NACIONAL TORIBIO RODRIGUEZ DE MENDOZA DE AMAZONAS;UNIVERSIDAD NACIONAL TORIBIO RODRÍGUEZ DE MENDOZA DE AMAZONAS
72;83161AE5-9386-433C-9A16-280940593885;20527056579;UNIVERSIDAD NACIONAL MICAELA BASTIDAS DE APURIMAC;UNIVERSIDAD NACIONAL MICAELA BASTIDAS DE APURÍMAC
73;65AD60A1-21B9-401C-A6A7-A6D6D9C6B6AD;20506690928;UNIVERSIDAD PERUANA DE LAS AMÉRICAS;UNIVERSIDAD PERUANA DE LAS AMÉRICAS SAC
74;AFE2E102-7613-45A2-A3FD-A8883B7CA109;20136507720;UNIVERSIDAD ESAN;UNIVERSIDAD ESAN
75;4C70E70F-A2F7-4054-952F-E49F8C76DDF6;20507790179;UNIVERSIDAD ANTONIO RUIZ DE MONTOYA;UNIVERSIDAD ANTONIO RUÍZ DE MONTOYA
76;5189B6D2-21F8-4DA3-B856-7A7C85C00957;20508386258;UNIVERSIDAD PERUANA DE CIENCIAS E INFORMATICA;UNIVERSIDAD PERUANA DE CIENCIAS E INFORMÁTICA
77;C63CA5BA-D59A-45DC-ABD0-2733B22C3578;20505027591;UNIVERSIDAD PARA EL DESARROLLO ANDINO;UNIVERSIDAD PARA EL DESARROLLO ANDINO
78;BAC9C0A1-B811-4D76-8D7A-060C866D8F62;20509342092;UNIVERSIDAD PRIVADA TELESUP S.A.C;UNIVERSIDAD PRIVADA TELESUP S.A.C.
79;46A752E4-8130-45D4-857E-62E0486E808E;20393146657;UNIVERSIDAD NACIONAL INTERCULTURAL DE LA AMAZONIA;UNIVERSIDAD NACIONAL INTERCULTURAL DE LA AMAZONÍA
80;212D9077-2917-46F2-8795-F456D86F1EB1;20491263521;UNIVERSIDAD PRIVADA SERGIO BERNALES S.A.C.;UNIVERSIDAD SERGIO BERNALES S.A.C.
81;69DCFC56-2324-4F67-9FB2-2140E71E0276;20393229862;UNIVERSIDAD PRIVADA DE PUCALLPA;UNIVERSIDAD PRIVADA DE PUCALLPA
84;E42D7037-6B43-4804-9530-F728CA290A64;20527760314;UNIVERSIDAD NACIONAL JOSE MARIA ARGUEDAS;UNIVERSIDAD NACIONAL JOSÉ MARÍA ARGUEDAS
85;31934565-66F3-421B-94A8-15E232FC5004;20482309381;UNIVERSIDAD PRIVADA DE TRUJILLO;UNIVERSIDAD PRIVADA DE TRUJILLO
86;4DCA89CF-1890-403E-B728-3F66924BDC9A;20447893968;UNIVERSIDAD PRIVADA SAN CARLOS;UNIVERSIDAD PRIVADA SAN CARLOS
87;041C2826-178C-4975-9DCC-45D44A6B6501;20507734856;UNIVERSIDAD PERUANA SIMON BOLIVAR;UNIVERSIDAD PERUANA SIMÓN BOLIVAR
88;4238FBF1-ACD6-4251-B17B-A5F8AAC863D4;20518018818;UNIVERSIDAD PERUANA DE INTEGRACION GLOBAL;UNIVERSIDAD PERUANA DE INTEGRACIÓN GLOBAL
89;3C653FFB-576A-47C6-91CE-33EDC3628C3C;20493452755;UNIVERSIDAD PERUANA DEL ORIENTE;UNIVERSIDAD PERUANA DEL ORIENTE S.A.C.
90;C48510CC-D4F2-46BA-811C-136551523999;20449347448;UNIVERSIDAD NACIONAL DE MOQUEGUA;UNIVERSIDAD NACIONAL DE MOQUEGUA
91;2FEF17B1-654B-4FC9-AF8A-C92F5D6E263C;20521449731;UNIVERSIDAD AUTONOMA DEL PERU S.A.C.;UNIVERSIDAD AUTÓNOMA DEL PERÚ S.A.C.
92;C39713B2-59F1-4162-961F-E0E3AAB109E8;20516530767;UNIVERSIDAD DE CIENCIAS Y HUMANIDADES;UNIVERSIDAD DE CIENCIAS Y HUMANIDADES
93;56DA9F5E-E303-4CE7-8352-CC39AD4FD01F;20126009501;UNIVERSIDAD JAIME BAUSATE Y MEZA;UNIVERSIDAD JAIME BAUSATE Y MEZA
94;3BCD49B9-0A8A-4CC3-BD8A-161E6A7E4C29;20480577991;UNIVERSIDAD PRIVADA JUAN MEJIA BACA;UNIVERSIDAD PRIVADA JUAN MEJÍA BACA
95;42E64BD5-976F-42C3-AEB4-6AD6F0894898;20451581016;UNIVERSIDAD PERUANA DEL CENTRO;UNIVERSIDAD PERUANA DEL CENTRO
96;41C13361-4E64-4ECE-9D08-F0D31A8262A1;20516406594;UNIVERSIDAD PRIVADA ARZOBISPO LOAYZA;UNIVERSIDAD PRIVADA ARZOBISPO LOAYZA
97;78F187F1-E88E-42A0-A369-97E3B2D32F04;20524343780;UNIVERSIDAD LE CORDON BLEU;UNIVERSIDAD LE CORDON BLEU
98;53AEA282-4EAA-4C78-968E-14075B638EB9;20541310038;UNIVERSIDAD PRIVADA DE HUANCAYO FRANKLIN ROOSEVELT SOCIEDAD ANONIMA CERRADA;UNIVERSIDAD PRIVADA DE HUANCAYO FRANKLIN ROOSEVELT SOCIEDAD ANÓNIMA CERRADA
99;5C4AB437-FD8B-482E-B7EB-F337940BC622;20487395987;UNIVERSIDAD DE LAMBAYEQUE;UNIVERSIDAD DE LAMBAYEQUE
100;1313728C-DA47-4F7C-9B8D-6C850AB47B02;20537886618;UNIVERSIDAD DE CIENCIAS Y ARTES DE AMERICA LATINA;UNIVERSIDAD DE CIENCIAS Y ARTES DE AMÉRICA LATINA
101;CCEDBAE4-16AB-41B7-BA67-27849D2FBD41;20536280287;UNIVERSIDAD PERUANA DE ARTE ORVAL;UNIVERSIDAD PERUANA DE ARTE ORVAL
102;0EF02456-E172-48C6-A72C-5D64FB326317;20539574559;UNIVERSIDAD CIENCIAS DE LA SALUD;UNIVERSIDAD CIENCIAS DE LA SALUD
104;4BD3C982-E4CC-47D6-820A-18AFBC63C0E9;20494662265;UNIVERSIDAD DE AYACUCHO FEDERICO FROEBEL SAC;UNIVERSIDAD DE AYACUCHO FEDERICO FROEBEL S.A.C.
105;B976BE43-C0B0-409F-87E2-1D5DD258B281;20543974456;UNIVERSIDAD PERUANA DE INVESTIGACION Y NEGOCIOS;UNIVERSIDAD PERUANA DE INVESTIGACIÓN Y NEGOCIOS
106;86C54CEE-6C1B-47C6-A091-918A44DF88CB;20490911503;UNIVERSIDAD PERUANA AUSTRAL DEL CUSCO;UNIVERSIDAD PERUANA AUSTRAL DEL CUSCO
107;559BD72A-622F-4BF2-BD2B-58EE451DEB5D;20537975122;UNIVERSIDAD SAN ANDRES SAC;UNIVERSIDAD SAN ANDRÉS S.A.C.
108;92D2A1F0-593C-4051-9BE2-16119BF55A94;20451481577;UNIVERSIDAD INTERAMERICANA PARA EL DESARROLLO;UNIVERSIDAD INTERAMERICANA PARA EL DESARROLLO
109;F41EDB5E-09BA-4FA0-91F9-FF1E065CB7F0;20516432161;UNIVERSIDAD PRIVADA JUAN PABLO II;UNIVERSIDAD PRIVADA JUAN PABLO II
110;5897DC51-549F-479F-9CFB-89DA15924F45;20455715483;UNIVERSIDAD AUTONOMA SAN FRANCISCO;UNIVERSIDAD AUTÓNOMA SAN FRANCISCO
111;A9C5BBF1-4303-44DB-B3C7-1B241FFCE5CB;20568019521;UNIVERSIDAD NACIONAL INTERCULTURAL DE LA SELVA CENTRAL JUAN SANTOS ATAHUALPA;UNIVERSIDAD NACIONAL  INTERCULTURAL DE LA SELVA CENTRAL JUAN SANTOS ATAHUALPA
112;572B9AFB-2C6D-40F0-9D45-3A0A2B5E0F52;20526270364;UNIVERSIDAD NACIONAL DE FRONTERA;UNIVERSIDAD NACIONAL DE FRONTERA
113;29507DC1-FB8A-47D3-81CF-64D3E9BEAEB2;20491363402;UNIVERSIDAD NACIONAL DE CAÑETE;UNIVERSIDAD NACIONAL DE CAÑETE
114;9C3A5374-398F-4B60-85BF-874EBFDD56AE;20448261272;UNIVERSIDAD NACIONAL DE JULIACA;UNIVERSIDAD NACIONAL DE JULIACA
115;DFA476C3-4BE3-484F-B997-55651EAF5E8D;20487463737;UNIVERSIDAD NACIONAL DE JAEN;UNIVERSIDAD NACIONAL DE JAÉN
116;04F6C990-85CA-46AF-BA98-80500DDB6823;20481817758;UNIVERSIDAD PRIVADA LEONARDO DA VINCI;UNIVERSIDAD PRIVADA LEONARDO DA VINCI SAC.
117;CCE14828-A3DC-4A2E-9E96-D57848E2DB54;20542068281;UNIVERSIDAD NACIONAL DE BARRANCA;UNIVERSIDAD NACIONAL DE BARRANCA
118;558C990F-4680-4CB6-AD21-9CE24BC23AEE;20545990998;UNIVERSIDAD DE INGENIERIA Y TECNOLOGIA;UNIVERSIDAD DE INGENIERÍA Y TECNOLOGÍA
119;048E2D0F-84C8-4213-BE79-E138788D2F4B;20153408191;MARINA DE GUERRA DEL PERU;ESCUELA NAVAL DEL PERÚ
120;F0D58641-ECCD-4380-BBBD-38DB2725F68B;20529358220;UNIVERSIDAD NACIONAL AUTONOMA DE CHOTA;UNIVERSIDAD NACIONAL AUTÓNOMA DE CHOTA
121;E269F6BD-FE98-4EF6-B8F8-3D72BD8E5BFB;20532857083;UNIVERSIDAD LATINOAMERICANA CIMA;UNIVERSIDAD LATINOAMERICANA CIMA
122;9F6A5C7C-C000-435B-ABB7-590DC8395096;20550807123;UNIVERSIDAD MARIA AUXILIADORA;UNIVERSIDAD MARÍA AUXILIADORA
123;FF1653A1-A4FD-4255-B375-D5B1532B1A55;20456344004;UNIVERSIDAD LA SALLE;UNIVERSIDAD LA SALLE
124;7D0F2AF9-EE30-44E0-9D59-73E1E1A7F8A4;20539406419;UNIVERSIDAD PRIVADA AUTONOMA DEL SUR;UNIVERSIDAD PRIVADA AUTÓNOMA DEL SUR
125;AAFD6D37-AFA0-46A5-A2D7-3C3324400CB4;20487949125;UNIVERSIDAD DE LA AMAZONÍA MARIO PELÁEZ BAZÁN;UNIVERSIDAD DE LA AMAZONÍA MARIO PELÁEZ BAZÁN
126;F4FEB59B-DD81-4E80-B6EB-01E6456F4718;20552902298;UNIVERSIDAD MARITIMA DEL PERU;UNIVERSIDAD MARITIMA DEL PERÚ
127;E8F43AC3-5BBA-4081-ACA2-2D1898B981B2;20145906254;UNIVERSIDAD PRIVADA SISE;UNIVERSIDAD PRIVADA SISE
128;523C561C-0245-45A5-8089-6EBBC5C5E24C;20600006712;UNIVERSIDAD GLOBAL DEL CUSCO;UNIVERSIDAD GLOBAL DEL CUSCO
129;27A921A8-4BCB-43B1-8287-239FD12CC9F7;20552399596;UNIVERSIDAD SANTO DOMINGO DE GUZMAN;UNIVERSIDAD SANTO DOMINGO DE GUZMÁN
130;233ECCBB-76ED-48C1-90EF-CD09C50C9CAE;20564356035;UNIVERSIDAD PRIVADA LÍDER PERUANA;UNIVERSIDAD PRIVADA LÍDER PERUANA
132;BC890567-D724-406E-B15A-9030B07E39E9;20554910891;UNIVERSIDAD PRIVADA PERUANO ALEMANA;UNIVERSIDAD PRIVADA PERUANO ALEMANA
143;F2E81207-D5B1-4D14-9BE2-D69CA15C058F;20602682553;UNIVERSIDAD SEMINARIO BIBLICO DE ANDINO;UNIVERSIDAD SEMINARIO BIBLICO DE ANDINO
144;01AEFC8C-FE9C-427B-92A1-BEACB01D31C3;20147265272;UNIVERSIDAD SAN PEDRO;UNIVERSIDAD SAN PEDRO
146;FC59076B-9F39-4E87-BB16-40FA4C6C552A;20319956043;UNIVERSIDAD CATÓLICA LOS  ÁNGELES DE CHIMBOTE;UNIVERSIDAD CATÓLICA LOS ÁNGELES DE CHIMBOTE
148;57AEFDA8-1923-4700-8E37-898A9C085765;32695874512;UNIVERSIDAD PRIVADA SAN JUAN BAUTISTA;UNIVERSIDAD PRIVADA SAN JUAN BAUTISTA SOCIEDAD ANÓNIMA CERRADA
149;78219FD6-F6C2-46A2-986F-07683A8CE214;497;UNIVERSIDAD CONTINENTAL;UNIVERSIDAD CONTINENTAL
151;38DE054E-7B6C-4BFB-B478-EC9BA1E38D88;20200848048;UNIVERSIDAD JOSE CARLOS MARIATEGUI;UNIVERSIDAD JOSÉ CARLOS MARIÁTEGUI
152;4EFF8E15-D70C-4322-BC02-D34D1F7713D2;20452777399;UNIVERSIDAD AUTONOMA DE ICA SAC;UNIVERSIDAD AUTONOMA DE ICA
179;8D9388AF-06DF-4FFB-9A39-2768FFFD74CB;20254587458;HIDROFILTEC S.A.C.;ESCUELA SUPERIOR DE GUERRA AEREA
202;1027D04D-A3D4-437A-99AD-B41A33D87477;20528336125;UNIVERSIDAD PRIVADA DE LA SELVA PERUANA;UNIVERSIDAD PRIVADA DE LA SELVA PERUANA
204;4A800DCE-D793-40B7-8BD5-83FD8B006F72;20451372794;ASOCIACION CULTURAL ORIENTE PERUANO ACOP;ASOCIACION CULTURAL ORIENTE PERUANO ACOP
205;C7CA74DE-8014-416C-83DE-EA6A21137F8B;20533194088;ASOCIACION CIVIL PROMOTORA DE LA UNIVERSIDAD PRIVADA DE TACNA;ASOCIACION CIVIL PROMOTORA DE LA UNIVERSIDAD PRIVADA DE TACNA
206;B77C9A45-875B-49E0-955D-286AB3059381;20600352068;AMERICAN PONTIFICAL CATHOLIC UNIVERSITY PERÚ S.A.C.;AMERICAN PONTIFICAL CATHOLIC UNIVERSITY PERÚ S.A.C.
207;FBD5D322-20ED-4969-B278-4ADBEAEFB900;77777777744;UNIVERSIDAD POLITÉCNICA AMAZÓNICA S.A.C.;UNIVERSIDAD POLITÉCNICA AMAZÓNICA S.A.C.
209;9E98504D-33DF-4503-9E64-04435D0BADA8;20600568281;APC UNIVERSITY AYACUCHO;APC UNIVERSITY AYACUCHO S.A.C.
210;32357F57-4E44-4E3D-A0F1-B043503477D1;20445222926;ASOCIACIÓN DE PROMOTRES DE SERVICIOS EDUCATIVOS VECKOR;ASOCIACION DE PROMOTORES DE SERVICIOS EDUCATIVOS VECKOR
211;E2A00F71-9B15-4AC9-A39D-476518935F35;20481249415;CONSORCIO EDUCATIVO LOS ARCANGELES S.A.C.;CONSORCIO EDUCATIVO LOS ARCANGELES S.A.C.
212;FC69039C-3DB5-470F-936B-CF472C660D50;21023131032;UNIVERSIDAD PRIVADA DEL NORTE;UNIVERSIDAD PRIVADA DEL NORTE S.A.C.
213;EAC1773F-B625-4CB1-85CB-96EF67A535F3;20132010321;ASOCIACIÓN NACIONAL DE MÉDICOS RESIDENTES DEL PERU;UNIVERSIDAD PRIVADA CÉSAR VALLEJO
214;1160C5E7-02C1-4506-809B-5F78CC227469;20601050251;ASOCIACIÓN EDUCATIVA GRENDAL COLLEGE;ASOCIACIÓN EDUCATIVA GRENDAL COLLEGE
215;B749CB54-9620-41B6-A451-E5BA5C42BFA3;20600565207;APC UNIVERSITY PONTIFICIA UNIVERSIDAD CATOLICA AMERICANA S.A.C;APC UNIVERSITY PONTIFICIA UNIVERSIDAD CATOLICA AMERICANA S.A.C
216;0D5C121A-0421-4FD4-8BC3-650EFDE7B2FD;20534551313;GRUPO EDUCATIVO UNIVERSIDAD PRIVADA DE ICA S.A.C.;GRUPO EDUCATIVO UNIVERSIDAD PRIVADA DE ICA S.A.C.
217;B5838B5E-700A-4F27-AE8B-7BA1C09780DC;20523838467;CENTRO PERUANO DE FORMACIÓN E INVESTIGACIÓN CONTINUA;CENTRO PERUANO DE FORMACIÓN E INVESTIGACIÓN CONTINUA
218;30FDC618-0F98-4E3B-9FD6-FB94B592EC0F;20164113532;UNIVERSIDAD CESAR VALLEJO;UNIVERSIDAD CÉSAR VALLEJO S.A.C.
219;68C9415A-90F0-4AE3-988C-BF4E30991C4A;20533028234;ESCUELA DE POSGRADO NEWMAN S.A.C;ESCUELA DE POSGRADO NEWMAN S.A.C
223;662158C7-1154-47E1-B4FD-79BB3448AC06;2045361131;ASOCIACIÓN PERUANA DE CIENCIAS JURÍDICAS Y CONCILIACIÓN;Asociación Peruana de Ciencias Jurídicas y Conciliación
224;B1128106-0B5F-44D6-B318-28A39225EFB9;20569001286;CORPORACION ESPECIALIZADA EN EDUCACION, TECNOLOGIA, EMPRESARIADO Y ETICA D S.A.C.;Asociación Peruana de Ciencias Jurídicas y Conciliación
228;F065CD41-7CB7-4AB7-8FCB-E4911B8BC77D;20602058477;ASOCIACIÓN POR LA EDUCACIÓN GRENDAL COLLEGE AND UNIVERSITY;ASOCIACIÓN POR LA EDUCACIÓN GRENDAL COLLEGE AND UNIVERSITY
229;0C4F6710-6699-41D2-A49E-5FEF71792099;20388739895;ASOCIACIÓN CIVIL DEL INSTITUTO TECNOLOGICO Y DE ESTUDIOS SUPERIORES DE MONTERREY;ASOCIACIÓN CIVIL DEL INSTITUTO TECNOLOGICO Y DE ESTUDIOS SUPERIORES DE MONTERREY
230;88F846EC-A9E5-48CD-BE77-EF13A82F4865;20158694745;ESCUELA DE EDUCACION  SUPERIOR PEDAGOGICA PUBLICA MONTERRICO;ESCUELA DE EDUCACION  SUPERIOR PEDAGOGICA PUBLICA MONTERRICO
231;3BD8151C-7583-4429-87D2-C608E923B33B;20484485855;ESCUELA DE EDUCACIÓN SUPERIOR TECNOLÓGICA PRIVADA TOULOUSE LAUTREC;ESCUELA DE EDUCACIÓN SUPERIOR TECNOLÓGICA PRIVADA TOULOUSE LAUTREC
232;FABFFE91-0172-4037-AEB6-B6849DA04CBE;21099888998;"ESCUELA NACIONAL SUPERIOR DE ARTE DRAMATICO ""GUILLERMO UGARTE CHAMORRO""";ESCUELA NACIONAL SUPERIOR DE ARTE DRAMATICO GUILLERMO UGARTE CHAMORRO
233;482380A0-3114-4B6F-B33C-3C274C7462E5;20777775857;ESCUELA NACIONAL DE ARTE CARLOS BACA FLOR DE AREQUIPA;ESCUELA NACIONAL DE ARTE CARLOS BACA FLOR DE AREQUIPA
234;8E5AF17C-84D7-4BBD-A3CF-6992C022A3A9;12123132121;"ESCUELA SUPERIOR DE FORMACIÓN ARTÍSTICA PUBLICA "" SAN PEDRO DE CAJAS""";ESCUELA SUPERIOR DE FORMACIÓN ARTÍSTICA PUBLICA SAN PEDRO DE CAJAS
236;81FF5ACA-EC69-4471-B957-A1C47FE541BF;20552324316;ESCUELA DE POSTGRADO GERENS S.A.;ESCUELA DE POSTGRADO GERENS S.A.
237;9FD1CD40-260F-4300-8781-E2AA92F1F5D8;10200228354;ZENÓN WANTUIL RIVERA CHUQUE;ZENÓN WANTUIL RIVERA CHUQUE
238;952046F9-6C83-49C6-8831-255D2EB041C6;20548128847;CÁMARA MINERA DEL PERÚ;CAMARA MINERA DEL PERU - CAMIPER
239;D6A2B2C1-4AD0-4A79-AD2A-A10E36F62B26;20578998777;ESCUELA SUPERIOR DE FORMACIÓN ARTÍSTICA PÚBLICA MARIO URTEAGA ALVARADO DE CAJAMARCA;ESCUELA SUPERIOR DE FORMACIÓN ARTÍSTICA PÚBLICA MARIO URTEAGA ALVARADO DE CAJAMARCA
240;74EA9810-B484-473B-B647-3E1E933C263D;20606924527;UNIVERSIDAD PRIVADA DE AYACUCHO S.A.C.;UNIVERSIDAD PRIVADA DE AYACUCHO S.A.C.
242;13543276-448F-44CA-8F3D-888C68779A01;22222222888;ESCUELA NACIONAL DE CONTROL -CGR;ESCUELA NACIONAL DE CONTROL
243;E8B9ECF7-C73A-4991-9A1F-C4D27637679D;20537696916;INSTITUTO PALESTRA-ESCUELA IBEROAMERICANA DE DERECHO;INSTITUTO PALESTRA-ESCUELA IBEROAMERICANA DE DERECHO
244;AF3CC39B-9602-4D88-884C-7C34ABE2F842;20232323611;"ESCUELA DE EDUCACIÓN SUPERIOR TECNOLÓGICA PRIVADA ""SAN IGNACIO DE LOYOLA -ESCUELA ISIL""";"ESCUELA DE EDUCACIÓN SUPERIOR TECNOLÓGICA PRIVADA ""SAN IGNACIO DE LOYOLA -ESCUELA ISIL"""
245;1F6D831D-00BA-4B43-815F-175053197F8A;20210561541;EESTP ZEGEL IPAE;EESTP ZEGEL IPAE
246;2DCE64D5-52A1-47D6-B399-4AB98899EB50;20055909055;ESCUELA DE EDUCACIÓN SUPERIOR  CENTRO DE LA IMAGEN;ESCUELA DE EDUCACIÓN SUPERIOR  CENTRO DE LA IMAGEN
247;080B6E89-BCA6-494E-A241-DF0E32E00921;20206431882;"ESCUELA DE EDUCACION SUPERIOR PEDAGOGICA PUBLICA ""LA INMACULADA """;"ESCUELA DE EDUCACION SUPERIOR PEDAGOGICA PUBLICA ""LA INMACULADA """
248;3B850003-6E62-43D2-9CC5-D8B927EA3557;20574637750;ESCUELA DE EDUCACION SUPERIOR TECNOLOGICA PRIVADA LA PONTIFICIA;"ESCUELA DE EDUCACIÓN SUPERIOR TECNOLÓGICA PRIVADA ""LA PONTIFICIA"""
249;7CBE59AC-AECF-47B1-9EEB-E1DE53B406FD;20604161119;ESCUELA PERUANA DE EDUCACION S.A.C.;"ESCUELA DE EDUCACIÓN SUPERIOR PEDAGÓGICA PRIVADA ""ITS INNOVA TEACHING SCHOOL"""
250;39C9AFF6-8A39-4521-8AD9-0FB214991D1A;20198160289;ESCUELA DE EDUCACIÓN SUPERIOR PEDAGÓGICA PÚBLICA CHIMBOTE;ESCUELA DE EDUCACIÓN SUPERIOR PEDAGÓGICA PÚBLICA CHIMBOTE
251;E16454CA-C892-4CD0-9749-2007A16321DA;30293208320;ESCUELA DE EDUCACIÓN SUPERIOR PEDAGÓGICA PÚBLICA “AREQUIPA”;ESCUELA DE EDUCACIÓN SUPERIOR PEDAGÓGICA PÚBLICA “AREQUIPA”
252;275F4F91-9B4D-459F-9FAE-C3D82118B814;20365479999;ESCUELA DE EDUCACIÓN SUPERIOR PEDAGOGICA PUKLLASUNCHIS;ESCUELA DE EDUCACIÓN SUPERIOR PEDAGOGICA PUKLLASUNCHIS
253;8B4A3327-1889-4F6C-A490-DD030C1E1190;20227925630;"ESCUELA DE EDUCACIÓN SUPERIOR PEDAGÓGICA PÚBLICA ""PIURA""";"ESCUELA DE EDUCACIÓN SUPERIOR PEDAGÓGICA PÚBLICA ""PIURA"""
254;1407E4CD-2E47-4D34-BBE7-AA201AA81DC3;20279616902;ESCUELA DE EDUCACION SUPERIOR PEDAGOGICA PUBLICA JOSE JIMENEZ BORJA;ESCUELA DE EDUCACION SUPERIOR PEDAGOGICA PUBLICA JOSE JIMENEZ BORJA
255;7905BA61-13D8-454C-A011-FF1CEB2ED3D3;20203051698;"ESCUELA DE EDUCACIÓN SUPERIOR PEDAGÓGICA PÚBLICA ""SANTA ROSA""";"ESCUELA DE EDUCACIÓN SUPERIOR PEDAGÓGICA PÚBLICA ""SANTA ROSA"""
256;6D8E4E02-8E50-4DD3-ACB4-E9CF8A7BAA39;26585200000;ESCUELA DE EDUCACIÓN SUPERIOR PEDAGÓGICA PÚBLICA “TARAPOTO”;"ESCUELA DE EDUCACIÓN SUPERIOR PEDAGÓGICA PÚBLICA ""TARAPOTO"""
257;6C1DABD5-FE1E-4425-BD8F-5E9486EE55C3;20331076091;"ESCUELA DE EDUCACIÓN SUPERIOR PEDAGÓGICA PÚBLICA ""EMILIA BARCIA BONIFFATTI""";"ESCUELA DE EDUCACIÓN SUPERIOR PEDAGÓGICA PÚBLICA ""EMILIA BARCIA BONIFFATTI"""
258;6386BFCE-BF14-4C13-AE93-7B5B9F9C5B8B;20407270194;"ESCUELA DE EDUCACIÓN SUPERIOR PEDAGÓGICA PÚBLICA ""JOSÉ SALVADOR CAVERO OVALLE""";"ESCUELA DE EDUCACIÓN SUPERIOR PEDAGÓGICA PÚBLICA ""JOSÉ SALVADOR CAVERO OVALLE"""
259;CF19F3A1-5D4C-4DA0-8835-2104280A501D;20446687698;ESCUELA DE EDUCACION SUPERIOR PEDAGOGICA PUBLICA LAMAS;ESCUELA DE EDUCACION SUPERIOR PEDAGOGICA PUBLICA LAMAS
260;59BC9649-7219-4043-BF92-CCE58E13DF93;20311432177;"ESCUELA DE EDUCACIÓN SUPERIOR PEDAGÓGICA PÚBLICA ""VÍCTOR ANDRÉS BELAUNDE""";"ESCUELA DE EDUCACIÓN SUPERIOR PEDAGÓGICA PÚBLICA ""VÍCTOR ANDRÉS BELAUNDE"""
261;8BDA4B2D-2AE9-43F6-B7B4-99E44412506A;20526632312;ESCUELA DE EDUCACIÓN SUPERIOR PEDAGÓGICA PÚBLICA GAMANIEL BLANCO MURILLO;ESCUELA DE EDUCACIÓN SUPERIOR PEDAGÓGICA PÚBLICA GAMANIEL BLANCO MURILLO
262;2F59295D-A7F1-4C6D-94B6-7FA402BFB0F3;20311363264;ESCUELA DE EDUCACIÓN SUPERIOR PEDAGÓGICA PÚBLICA NUESTRA SEÑORA DE CHOTA;ESCUELA DE EDUCACIÓN SUPERIOR PEDAGÓGICA PÚBLICA NUESTRA SEÑORA DE CHOTA
263;D8B36E73-EE1D-4174-8EEC-2659BF51574C;20410984734;ESCUELA DE EDUCACIÓN SUPERIOR PEDAGÓGICA PÚBLICA ARÍSTIDES MERINO MERINO;ESCUELA DE EDUCACIÓN SUPERIOR PEDAGÓGICA PÚBLICA ARÍSTIDES MERINO MERINO
264;95584489-24C7-4B84-8990-6B93ED118430;20177892280;"ESCUELA DE EDUCACIÓN SUPERIOR PEDAGÓGICA PÚBLICA ""LA SALLE"" DE ABANCAY";"ESCUELA DE EDUCACIÓN SUPERIOR PEDAGÓGICA PÚBLICA ""LA SALLE"" DE ABANCAY"
265;C6B2FA69-C98B-4D05-B72D-07F46C17E29C;20527311510;"ESCUELA DE EDUCACIÓN SUPERIOR PEDAGÓGICA PÚBLICA ""TÚPAC AMARU""";"ESCUELA DE EDUCACIÓN SUPERIOR PEDAGÓGICA PÚBLICA ""TÚPAC AMARU"""
266;9E216667-F200-42F2-BBDB-BEF4835C9D3F;20362032009;ESCUELA DE EDUCACIÓN SUPERIOR PEDAGÓGICA PÚBLICA GENERALÍSIMO JOSÉ DE SAN MARTÍN;ESCUELA DE EDUCACIÓN SUPERIOR PEDAGÓGICA PÚBLICA GENERALÍSIMO JOSÉ DE SAN MARTÍN
267;D41C7EDF-AF77-45F8-9B3A-8DC6799B12C5;20194624396;ESCUELA DE EDUCACIÓN SUPERIOR PEDAGÓGICA PÚBLICA IGNACIO AMADEO RAMOS OLIVERA;ESCUELA DE EDUCACIÓN SUPERIOR PEDAGÓGICA PÚBLICA IGNACIO AMADEO RAMOS OLIVERA
268;CB12BC70-B060-4E92-A86B-44DE239DFFB1;20454024525;ESCUELA DE EDUCACIÓN SUPERIOR PEDAGÓGICA PRIVADA MARÍA MONTESSORI;ESCUELA DE EDUCACIÓN SUPERIOR PEDAGÓGICA PRIVADA MARÍA MONTESSORI
269;CF13A6E2-E496-40EB-95CA-0FEC030185B1;20206709759;ESCUELA DE EDUCACIÓN SUPERIOR PEDAGÓGICA PÚBLICA DAVID SÁNCHEZ INFANTE;ESCUELA DE EDUCACIÓN SUPERIOR PEDAGÓGICA PÚBLICA DAVID SÁNCHEZ INFANTE
270;9D7663FA-58F6-4C22-93B0-6C22AD2F0C2D;20511468168;"ESCUELA DE EDUCACIÓN SUPERIOR PEDAGÓGICA PRIVADA ""CALIDAD EN REDES DE APRENDIZAJE"" - CREA";"ESCUELA DE EDUCACIÓN SUPERIOR PEDAGÓGICA PRIVADA ""CALIDAD EN REDES DE APRENDIZAJE"" - CREA"
271;C0675CF9-7FD9-473F-978F-65F90C59A0A6;20321381449;"INSTITUTO DE EDUCACIÓN SUPERIOR PEDAGÓGICO PÚBLICO ""MARCOS DURÁN MARTEL""";"INSTITUTO DE EDUCACIÓN SUPERIOR PEDAGÓGICO PÚBLICO ""MARCOS DURÁN MARTEL"""
272;32E705BA-0993-4297-B48F-C5270B4C4A73;20366299590;ESCUELA DE EDUCACIÓN SUPERIOR PEDAGÓGICA PUBLICO LORETO;ESCUELA DE EDUCACIÓN SUPERIOR PEDAGÓGICA PUBLICA LORETO
273;125CD30C-2F37-44FC-8404-A092B01312B7;20199185056;"ESCUELA DE EDUCACIÓN SUPERIOR PEDAGÓGICA PÚBLICA ""SAN FRANCISCO DE ASÍS""";"ESCUELA DE EDUCACIÓN SUPERIOR PEDAGÓGICA PÚBLICA ""SAN FRANCISCO DE ASÍS"""
274;E31BD1AE-C243-4C76-B556-ED58548DC8A9;20174734411;"ESCUELA DE EDUCACIÓN SUPERIOR PEDAGÓGICA PÚBLICA ""INDOAMÉRICA""";"ESCUELA DE EDUCACIÓN SUPERIOR PEDAGÓGICA PÚBLICA ""INDOAMÉRICA"""
275;F3DE5914-F3CC-4EDC-9676-520520A06A4C;20214552702;ESCUELA DE EDUCACION SUPERIOR PEDAGOGICA PUBLICA JULIACA;ESCUELA DE EDUCACION SUPERIOR PEDAGOGICA PUBLICA JULIACA
276;71430063-9FFB-4387-9B93-D0933D978353;20313416731;ESCUELA SUPERIOR PEDAGÓGICA PUBLICA MONSEÑOR FRANCISCO GONZALES BURGA;ESCUELA SUPERIOR PEDAGÓGICA PUBLICA MONSEÑOR FRANCISCO GONZALES BURGA
277;496B6DA3-5380-4677-AD51-D38DD4D83C8D;20611048921;UNIVERSIDAD NACIONAL TECNOLÓGICA DE FRONTERA SAN IGNACIO DE LOYOLA;UNIVERSIDAD NACIONAL TECNOLÓGICA DE FRONTERA SAN IGNACIO DE LOYOLA
278;BA336BFE-05DB-4480-B1ED-C26F12BD70B6;20116689848;ESCUELA DE EDUCACIÓN SUPERIOR TECNOLÓGICA PRIVADA KHIPU;ESCUELA DE EDUCACIÓN SUPERIOR TECNOLÓGICA PRIVADA KHIPU
279;AF122AF3-D506-4107-A198-7DB0F8D94D44;20203997087;"INSTITUTO DE EDUCACION SUPERIOR PEDAGOGICO PUBLICO ""MONSEÑOR ELIAS OLAZAR""";"Escuela de Educación Superior Pedagógica Pública ""Monseñor Elías Olázar"""
280;CF58686C-7EC6-4A10-A697-B4B0424D6950;20285787689;"ESCUELA DE EDUCACIÓN SUPERIOR PEDAGÓGICA PÚBLICA ""MERCEDES CABELLO DE CARBONERA""";"Escuela de Educación Superior Pedagógica Pública ""Mercedes Cabello de Carbonera"""
281;11052A21-1F41-42D3-8342-1981B591225F;23265588888;ESCUELA DE EDUCACIÓN SUPERIOR PEDAGÓGICA PÚBLICA TEODORO PEÑALOZA;ESCUELA DE EDUCACIÓN SUPERIOR PEDAGÓGICA PÚBLICA TEODORO PEÑALOZA
282;F43084A5-6B52-49EA-8D70-870798F30647;20601663288;INSTITUTO EUROPEO ZAHNARTZ SRL;INSTITUTO EUROPEO ZAHNARTZ SRL
283;A39F6E2E-B00B-4632-B578-4DCA9D4D1DE5;20290898685;ACADEMIA DE LA MAGISTRATURA;ACADEMIA DE LA MAGISTRATURA
284;F564811F-328E-4A5B-BB60-F2791ACFA762;23423423423;GETOVERHERE;GETOVERHERE
285;AF2CB9FC-FDF4-40B6-89BE-768095F2D2EE;85575610594;EMPRESA ESTATAL 10594 SRL;EMPRESA ESTATAL 10594
286;BBB6E3A7-62B5-4959-BC39-010ECCB3EC56;87334944860;EMPRESA ESTATAL 44860 S.S.;EMPRESA ESTATAL 44860
287;486F83CD-7129-4CE6-BBC0-7C48D5366C8E;1504918881;EMPRESA ESTATAL 18881 S.R.L.;EMPRESA ESTATAL 18881
288;4BCD4D6E-67AA-4E1F-84E5-1078748FE68A;60240827257;EMPRESA ESTATAL 27257 S.A.C.;EMPRESA ESTATAL 27257
289;7D710E98-9D2D-4709-8B65-802A7AB1D5DE;7429111734;EMPRESA ESTATAL 11734 SAA;EMPRESA ESTATAL 11734
290;91D6DDDC-128E-4EFD-91E8-A12414B77135;80759610970;EMPRESA ESTATAL 10970 SRL;EMPRESA ESTATAL 10970
291;F8572122-6A1A-47A6-96F4-FE9909F1344B;17956386664;EMPRESA ESTATAL 86664 EIRL;EMPRESA ESTATAL 86664
292;205F54BA-FF52-4EDF-8CB1-DFBFC4E28BBA;45060150855;EMPRESA ESTATAL 50855 E.I.R.L.;EMPRESA ESTATAL 50855
293;1B599B6A-E943-47F4-B740-D1A48998E569;50977163792;EMPRESA ESTATAL 63792 GROUP S.A.C.;EMPRESA ESTATAL 63792 GROUP
294;E90D9FCC-65B7-4413-85B3-90EEA0B196D4;13602344378;INDUSTRIA PUBLICA 44378 GROUP S.A.C.;INDUSTRIA PUBLICA 44378 GROUP
295;19DA54CE-2C0C-426B-A902-8B9DCDF8FA72;14602346253;CORPORACION PARTICULAR 46253 ASOC.;CORPORACION PARTICULAR 46253
296;5E5BED00-9825-435D-955F-041829A39CF0;13603729496;INDUSTRIA PUBLICA 29496 CORP. S.A.C.;INDUSTRIA PUBLICA 29496 CORP.
297;5A69E3FF-3C92-46AD-BBBF-422B4057C4DC;15603730286;COMERCIO NO GUBERNAMENTAL 30286 S.A.;COMERCIO NO GUBERNAMENTAL 30286
298;169B9D70-BC08-43D5-95AE-67FE97F07EAD;11603733995;CONSORCIO NACIONAL 33995 S.A.A.;CONSORCIO NACIONAL 33995
299;C016228B-0DAE-40D6-937C-17DE0BC17BC0;14603739132;CORPORACION PARTICULAR 39132 S.A.C.;CORPORACION PARTICULAR 39132
300;5E831EDD-2900-4BFE-BC70-DC81BF0DD201;12603739383;UNIVERSIDAD PRIVADA 39383 COOPERATIVA;UNIVERSIDAD PRIVADA 39383
301;22382A5E-69A3-4E20-BCF7-972ADA59E5D7;14604931937;CORPORACION PARTICULAR 31937 S.A.C;CORPORACION PARTICULAR 31937
302;B66CA60E-1818-4DA1-ACD2-CABA29DFF460;15604933638;COMERCIO NO GUBERNAMENTAL 33638 S.A;COMERCIO NO GUBERNAMENTAL 33638
303;E917A60B-4991-4A3A-8369-4816A5936917;97462410129;EMPRESA ESTATAL 10129 COOP.;EMPRESA ESTATAL 10129
304;09F18EF2-9F8D-4788-A4A6-BA8B969819B4;11604938006;CONSORCIO NACIONAL 38006 COOPERATIVA;CONSORCIO NACIONAL 38006
305;441D7CC8-EA6E-4A91-8952-A736CD3DDEDF;17604955892;INVERSIONES REGIONAL 55892 S.S;INVERSIONES REGIONAL 55892
306;E087A6AC-AEA8-4E31-815C-D0258D1D5350;11605510823;CONSORCIO NACIONAL 10823 S.A.A.;CONSORCIO NACIONAL 10823
307;C43E4B50-FC74-4F38-829C-9DEDC310EE1B;66092683598;EMPRESA ESTATAL 83598 CONSORCIO S.A.C.;EMPRESA ESTATAL 83598 CONSORCIO
308;473026E0-1ECA-4D7F-8C0F-E2AD0753BFAD;15605516660;COMERCIO NO GUBERNAMENTAL 16660 SRL;COMERCIO NO GUBERNAMENTAL 16660
309;0CC8B8C6-A0E9-432A-85C7-EEF31D38619F;13605523412;INDUSTRIA PUBLICA 23412 ASOCIACION CIVIL;INDUSTRIA PUBLICA 23412
310;ADE839E9-5645-455D-B689-FE1A36D6B937;17605543808;SERVICIOS INTEGRALES INTERNACIONAL 43808 CONSORCIO S.A.C.;SERVICIOS INTEGRALES INTERNACIONAL 43808 CONSORCIO
311;FDDCA938-B33F-4B9D-9A49-A44F43BAFCF4;12365478944;FSG;GG
312;0E018B4C-E1E6-4AEF-BBD2-E26963ADEA32;11606971134;CONSORCIO NACIONAL 71134 HOLDING S.A.;CONSORCIO NACIONAL 71134 HOLDING
313;7B46FD3B-96DD-4398-95AE-CBA06FBAFCAB;13606971045;INDUSTRIA PUBLICA 71045 GROUP S.A.C.;INDUSTRIA PUBLICA 71045 GROUP
314;9C32CFF6-942A-4CF6-A410-2374ECF27C4C;14606970123;CORPORACION PARTICULAR 70123 INVERSIONES S.A.C.;CORPORACION PARTICULAR 70123 INVERSIONES
315;ED43ADEC-FA09-4304-BFFF-63607C927919;12606971100;UNIVERSIDAD PRIVADA 71100 GROUP S.A.C.;UNIVERSIDAD PRIVADA 71100 GROUP
316;EB5D8F48-8161-468E-A0EA-B19AC40511F2;15606971769;COMERCIO NO GUBERNAMENTAL 71769 CONSORCIO S.A.C.;COMERCIO NO GUBERNAMENTAL 71769 CONSORCIO
317;60D5690D-0DD0-4003-AB63-5A54BBBE63B0;16606932471;COMERCIO NO GUBERNAMENTAL 32471 S.C.R.L.;COMERCIO 32471
318;F69504E7-E27F-48F2-AF1B-DC4AD5EE3586;18606932472;ALMACENES MUNICIPAL 32472 COOP.;ALMACENES 32472
319;13631DDC-303D-48E2-A729-DD35AD8E5C52;11606932473;INVERSIONES REGIONAL 32473 ASOC.;INVERSIONES 32473
320;4C2F8071-BE9B-46F7-B32D-B6D8DA661B02;15606932474;SERVICIOS INTEGRALES INTERNACIONAL 32474 GROUP S.A.C.;SERVICIOS INTEGRALES 32474
321;1B923EAF-F8E9-4F74-8C9C-1FA41260D76F;11607442059;CONSORCIO NACIONAL 42059 ASOCIACION CIVIL;CONSORCIO NACIONAL 42059
322;142703C3-6781-4842-95A7-EA3751B13F04;22709703959;EMPRESA ESTATAL 03959 EIRL;EMPRESA ESTATAL 03959
323;06C30320-C642-44D5-B9C0-10EB02B346E8;14607446492;CORPORACION PARTICULAR 46492 CONSORCIO S.A.C.;CORPORACION PARTICULAR 46492 CONSORCIO
324;D244003F-2E81-47A2-B51B-6152B0529012;15607448340;COMERCIO NO GUBERNAMENTAL 48340 S.C.R.L;COMERCIO NO GUBERNAMENTAL 48340
325;87D4E84D-413A-4960-A7A8-FBB882C4D724;27909292427;EMPRESA ESTATAL 92427 S.S.;EMPRESA ESTATAL 92427
326;65AF5DB3-6C49-47C9-8A57-117D37BC9C92;15607412444;COMERCIO NO GUBERNAMENTAL 12444 S.C.R.L.;COMERCIO 12444
327;03D4EE0C-A5BF-4A2E-89FD-FD79A183EBF3;12607412445;ALMACENES MUNICIPAL 12445 COOP.;ALMACENES 12445
328;E60AD1F0-EC58-43CC-94C4-92EBE6C00B10;14607818833;CORPORACION PARTICULAR 18833 S.A.A.;CORPORACION PARTICULAR 18833
329;2C106FCE-9833-4FE2-8EB1-46907EF12FA1;11607819445;CONSORCIO NACIONAL 19445 S.S.;CONSORCIO NACIONAL 19445
330;9E4AE148-DFD0-4DE2-92AE-A3EE4414C599;13607820030;INDUSTRIA PUBLICA 20030 ASOCIACION CIVIL;INDUSTRIA PUBLICA 20030
331;5BD7F190-41F1-478A-89E4-518D750004BE;12607819437;UNIVERSIDAD PRIVADA 19437 EIRL;UNIVERSIDAD PRIVADA 19437
332;C665F165-BE11-43E4-9035-18C743612BBF;84755134202;EMPRESA ESTATAL 34202 SRL;EMPRESA ESTATAL 34202
333;EED650DB-5512-436C-BD5D-E79C17CF2A0C;11607789517;CORPORACION PARTICULAR 89517 S.A.A.;CORPORACION 89517
334;ED297641-97F4-4190-AE2B-80A2AEF7ED97;10607789518;COMERCIO NO GUBERNAMENTAL 89518 S.C.R.L.;COMERCIO 89518
335;3061114A-917B-4FA3-9FBE-B1565D3AFB5F;17607948462;INVERSIONES REGIONAL 48462 S.A.;INVERSIONES REGIONAL 48462
336;A8C42C94-5095-47AA-8C61-FC81A09C7600;18607950957;SERVICIOS INTEGRALES INTERNACIONAL 50957 ASOC.;SERVICIOS INTEGRALES INTERNACIONAL 50957
337;63611E52-E32D-4CDD-81E7-9E4620103A14;19607953365;SOLUCIONES EMPRESARIALES OTRO 53365 SERVICIOS GENERALES S.A.C.;SOLUCIONES EMPRESARIALES OTRO 53365 SERVICIOS GENERALES
338;AD4143E5-C6A5-4055-9A05-4A47C6F1C881;10607789519;ALMACENES MUNICIPAL 89519 COOP.;ALMACENES 89519
339;FA07FBDA-E9CA-45CF-BE66-120B8289A88D;14607789520;INVERSIONES REGIONAL 89520 ASOC.;INVERSIONES 89520
340;CE7DD291-8A94-4D90-8687-C91CFBCA3764;18607789521;SERVICIOS INTEGRALES INTERNACIONAL 89521 GROUP S.A.C.;SERVICIOS INTEGRALES 89521
341;980E2201-9119-4B90-9EE7-D0F6058254BE;15608227106;COMERCIO NO GUBERNAMENTAL 27106 COOP.;COMERCIO NO GUBERNAMENTAL 27106
342;A131A14C-9809-465C-91AB-0B0D223DC090;77388036805;EMPRESA ESTATAL 36805 S.S.;EMPRESA ESTATAL 36805
343;E91BCEA0-72AB-4404-B4E1-3FD694454008;12608230225;UNIVERSIDAD PRIVADA 30225 HOLDING S.A.;UNIVERSIDAD PRIVADA 30225 HOLDING
344;A2F8A81C-ED9E-4277-91DD-947678153AC6;14608231448;CORPORACION PARTICULAR 31448 INVERSIONES S.A.C.;CORPORACION PARTICULAR 31448 INVERSIONES
345;F2A7D986-4D19-4CAC-875A-E7F02036100F;11608235084;CONSORCIO NACIONAL 35084 S.C.R.L.;CONSORCIO NACIONAL 35084
346;E6A5E6C7-C435-4075-A22C-E37EBC9C9954;17608302101;INVERSIONES REGIONAL 02101 S.S.;INVERSIONES REGIONAL 02101
347;8548C8BE-00B3-4633-8E15-59644E80B387;18608305397;SERVICIOS INTEGRALES INTERNACIONAL 05397 S.R.L.;SERVICIOS INTEGRALES INTERNACIONAL 05397
348;3A6B27BD-73F6-4F81-AE2E-5D706D163C9C;19608307964;SOLUCIONES EMPRESARIALES OTRO 07964 EIRL;SOLUCIONES EMPRESARIALES OTRO 07964
349;25D42DAA-E54F-4D62-B5FA-6582B8B91F22;11608199114;EMPRESA ESTATAL 99114 S.A.C.;EMPRESA 99114
350;BE118447-2336-4D49-9AE4-46F32E4A92CE;17608199116;CONSORCIO NACIONAL 99116 S.A.;CONSORCIO 99116
351;DD71B030-622B-4FE0-8A4C-C76075619F43;13609181780;INDUSTRIA PUBLICA 81780 E.I.R.L.;INDUSTRIA PUBLICA 81780
352;289AE1C6-400B-4B66-AE0D-F4E8B4BCA8C2;12609182912;UNIVERSIDAD PRIVADA 82912 FUNDACION;UNIVERSIDAD PRIVADA 82912
353;66ECBCA4-6F4B-4F43-9C9B-2CFD7C66516C;11609183208;CONSORCIO NACIONAL 83208 COOPERATIVA;CONSORCIO NACIONAL 83208
354;EC4E8031-C793-485A-B2D8-FDDD94D39060;28069426285;EMPRESA ESTATAL 26285 CONSORCIO S.A.C.;EMPRESA ESTATAL 26285 CONSORCIO
355;656AF2BA-A33A-4D19-9A18-0CE28BB59680;14609189714;CORPORACION PARTICULAR 89714 HOLDING S.A.;CORPORACION PARTICULAR 89714 HOLDING
356;5C06EA1B-BBB2-441E-997E-4C3FA4927A60;37790903776;EMPRESA ESTATAL 03776 S.C.R.L;EMPRESA ESTATAL 03776
357;5A6FAA25-DE01-43D0-AE20-29BB9A36339B;11615096765;CONSORCIO NACIONAL 96765 GROUP S.A.C.;CONSORCIO NACIONAL 96765 GROUP
358;C0A1C4D6-01DD-4E71-B726-5296B171EB42;14615097903;CORPORACION PARTICULAR 97903 HOLDING S.A.;CORPORACION PARTICULAR 97903 HOLDING
359;E91217BE-5C99-4282-BE21-1F6215E6BD7F;13615104061;INDUSTRIA PUBLICA 04061 GROUP S.A.C.;INDUSTRIA PUBLICA 04061 GROUP
360;CB2FAF87-941F-4E02-96C1-72938D682B49;12615106594;UNIVERSIDAD PRIVADA 06594 SERVICIOS GENERALES S.A.C.;UNIVERSIDAD PRIVADA 06594 SERVICIOS GENERALES
361;31D802AA-18A8-49E8-BF3E-A3161613B231;77251382196;EMPRESA ESTATAL 82196 ASOCIACION CIVIL;EMPRESA ESTATAL 82196
362;7CDF19F6-CE97-4F18-847F-C0AD8E1AB863;12615587661;UNIVERSIDAD PRIVADA 87661 COOP.;UNIVERSIDAD PRIVADA 87661
363;77DAE430-85C2-4447-A22A-4E6A4BB0921E;11615591651;CONSORCIO NACIONAL 91651 CORP. S.A.C.;CONSORCIO NACIONAL 91651 CORP.
364;7A9CD246-EFCE-4D24-9C20-47526397182B;13615589732;INDUSTRIA PUBLICA 89732 EIRL;INDUSTRIA PUBLICA 89732
365;5C940E03-EE62-493A-8332-D181D10E868F;14615589813;CORPORACION PARTICULAR 89813 SRL;CORPORACION PARTICULAR 89813
366;11A5ECD3-E99E-4EA5-8F6D-FA8932FFADE8;92286375411;EMPRESA ESTATAL 75411 S.C.R.L;EMPRESA ESTATAL 75411
367;BB8D58EB-50BF-440C-B39F-E8416AFE71D5;14616096426;CORPORACION PARTICULAR 96426 CORP. S.A.C.;CORPORACION PARTICULAR 96426 CORP.
368;854F0EC7-0036-4668-935D-5107A449EA5C;15616098460;COMERCIO NO GUBERNAMENTAL 98460 ASOCIACION CIVIL;COMERCIO NO GUBERNAMENTAL 98460
369;FFB99267-A1F2-4BA5-B544-AE51570DBA3A;12616099829;UNIVERSIDAD PRIVADA 99829 COOP.;UNIVERSIDAD PRIVADA 99829
370;DEDAF1AA-797C-4A84-AD50-49039307F6FA;11616102331;CONSORCIO NACIONAL 02331 GROUP S.A.C.;CONSORCIO NACIONAL 02331 GROUP
371;FC1B6768-FCB5-4FD4-8AD0-F78AD500B72F;14616068251;CONSORCIO NACIONAL 68251 S.A.;CONSORCIO 68251
372;F27A00A2-159B-43AA-BFA2-EFAD34314C12;17616068252;UNIVERSIDAD PRIVADA 68252 S.R.L.;UNIVERSIDAD 68252
373;DA741826-15A8-4D57-B6DA-76024CECEC95;16616068253;INDUSTRIA PUBLICA 68253 E.I.R.L.;INDUSTRIA 68253
374;A0089B36-D954-415E-9228-A23C05F54624;18616068255;CORPORACION PARTICULAR 68255 S.A.A.;CORPORACION 68255
375;FE327AEC-A01D-451E-B83F-4A5C0BE129E5;12616674787;UNIVERSIDAD PRIVADA 74787 S.A.C.;UNIVERSIDAD PRIVADA 74787
376;4ABFC636-078F-4CF5-AD1A-4DA608970A3B;11616684557;CONSORCIO NACIONAL 84557 ASOCIACION CIVIL;CONSORCIO NACIONAL 84557
377;DB5AE2EC-A0CD-488D-BECA-A99AFE4CF2D8;13616684711;INDUSTRIA PUBLICA 84711 SERVICIOS GENERALES S.A.C.;INDUSTRIA PUBLICA 84711 SERVICIOS GENERALES
378;F37ADD48-A289-4530-8EFC-394B29641D50;2994177804;EMPRESA ESTATAL 77804 E.I.R.L.;EMPRESA ESTATAL 77804
379;3D2A272E-A490-4052-9239-60F321F577ED;14616684695;CORPORACION PARTICULAR 84695 EIRL;CORPORACION PARTICULAR 84695
380;884C0801-C073-4FA1-91F7-8D358AB65A8D;15616646828;CONSORCIO NACIONAL 46828 S.A.;CONSORCIO 46828
381;C7033427-973F-4101-A608-4CD8AF3264AF;16616646829;UNIVERSIDAD PRIVADA 46829 S.R.L.;UNIVERSIDAD 46829
382;3E2BF403-E425-4CF7-9FBF-BDD7423D21A9;11616646830;INDUSTRIA PUBLICA 46830 E.I.R.L.;INDUSTRIA 46830
383;E726E6C5-4CCB-4F76-8EDB-3615B7BE43A9;15616646831;CORPORACION PARTICULAR 46831 S.A.A.;CORPORACION 46831
384;05BBF84A-1969-4341-B143-FD54B10CA86B;11617374768;CONSORCIO NACIONAL 74768 CORP. S.A.C.;CONSORCIO NACIONAL 74768 CORP.
385;B2EBF382-5D43-4745-84E2-34E83D73FB67;15617375600;COMERCIO NO GUBERNAMENTAL 75600 EIRL;COMERCIO NO GUBERNAMENTAL 75600
386;FD38BB1C-CB23-40D3-9B7E-06223B266D81;12617377065;UNIVERSIDAD PRIVADA 77065 S.S.;UNIVERSIDAD PRIVADA 77065
387;5C8DA0A1-FFBE-4491-A14F-616BA88F7EFB;14617375111;CORPORACION PARTICULAR 75111 GROUP S.A.C.;CORPORACION PARTICULAR 75111 GROUP
388;7D7F0AAC-270A-44CE-BE0A-790C3E86F982;13617377126;INDUSTRIA PUBLICA 77126 S.A.;INDUSTRIA PUBLICA 77126
389;49E71C00-4C6C-4E9C-B9E9-48BF3F68511A;11618057368;CONSORCIO NACIONAL 57368 COOP.;CONSORCIO NACIONAL 57368
390;AABCB50E-66CC-4E5D-9AF9-ED532B13817F;15618058950;COMERCIO NO GUBERNAMENTAL 58950 FUNDACION;COMERCIO NO GUBERNAMENTAL 58950
391;E2A49DCC-8131-4336-98C2-D0E803BADBAB;14618059908;CORPORACION PARTICULAR 59908 EIRL;CORPORACION PARTICULAR 59908
392;EA3F4F47-17E2-4394-8BD5-29ADFFA2AC35;12618063403;UNIVERSIDAD PRIVADA 63403 S.S.;UNIVERSIDAD PRIVADA 63403
393;4358A0EE-9BEF-452C-A360-FA42092A1874;13375509802;EMPRESA ESTATAL 09802 SAA;EMPRESA ESTATAL 09802
394;C1C889DB-D3B2-40A1-9DE3-03E0BE6ED1F6;12618877652;UNIVERSIDAD PRIVADA 77652 HOLDING S.A.;UNIVERSIDAD PRIVADA 77652 HOLDING
395;E4E46E9D-B674-4104-9C26-388CEBB8EFAF;14618877087;CORPORACION PARTICULAR 77087 CORP. S.A.C.;CORPORACION PARTICULAR 77087 CORP.
396;80882422-B258-49DE-BDAD-48A0390C7994;32227548962;EMPRESA ESTATAL 48962 INVERSIONES S.A.C.;EMPRESA ESTATAL 48962 INVERSIONES
397;587BF2B9-F878-425E-9D9D-5BBAA6B4D1D4;15618878098;COMERCIO NO GUBERNAMENTAL 78098 COOP.;COMERCIO NO GUBERNAMENTAL 78098
398;75A23D4C-28D0-4B21-9C95-47D4CC281894;13618878916;INDUSTRIA PUBLICA 78916 E.I.R.L.;INDUSTRIA PUBLICA 78916
399;B4B725FB-DF8F-46E8-A404-9EA2374DFAD0;19618842026;CONSORCIO NACIONAL 42026 S.A.;CONSORCIO 42026
400;8DBC69BF-E5C3-486E-9649-80297C4608FC;16618842027;UNIVERSIDAD PRIVADA 42027 S.R.L.;UNIVERSIDAD 42027
401;6CB23662-7CCB-4A5B-9224-5D55A36000D9;19618842028;INDUSTRIA PUBLICA 42028 E.I.R.L.;INDUSTRIA 42028
402;47624941-04E8-48AE-B850-5B1ECB7755E9;11618842029;CORPORACION PARTICULAR 42029 S.A.A.;CORPORACION 42029
403;9FDA1914-9C14-460B-9BF4-1E4A4A4AEF6C;10619005880;CONSORCIO NACIONAL 05880 ASOCIACION CIVIL;CONSORCIO NACIONAL 05880
404;6F50A96F-92F8-4F1A-B7F0-9B46BE593241;11647287291;CONSORCIO NACIONAL 87291 ASOC.;CONSORCIO NACIONAL 87291
405;0A2772F2-41A8-4E4F-9DA4-CE019F8862A0;19968746840;EMPRESA ESTATAL 46840 COOP.;EMPRESA ESTATAL 46840
406;E7C94E80-B804-484D-8051-FA938D9BFF7F;15647380386;COMERCIO NO GUBERNAMENTAL 80386 S.A.C;COMERCIO NO GUBERNAMENTAL 80386
407;46169575-68BB-4AB7-8861-6FED89BAC948;13647382560;INDUSTRIA PUBLICA 82560 S.C.R.L;INDUSTRIA PUBLICA 82560
408;6156DA57-88A5-4267-87A6-7F5803DF9BB6;14647383557;CORPORACION PARTICULAR 83557 S.C.R.L.;CORPORACION PARTICULAR 83557
409;776CD7A8-29DA-4AE8-9E3F-FFD38486F3E1;48433236893;EMPRESA ESTATAL 36893 S.C.R.L;EMPRESA ESTATAL 36893
410;5B96016F-F562-47CA-857C-2BD1E15BFBB1;12647393933;UNIVERSIDAD PRIVADA 93933 CONSORCIO S.A.C.;UNIVERSIDAD PRIVADA 93933 CONSORCIO
411;8D7C5D40-CF29-449B-AD77-4605B348D058;36939919485;EMPRESA ESTATAL 19485 FUNDACION;EMPRESA ESTATAL 19485
412;902A135E-72C1-4D48-A9D9-C714DC3997F3;11647838674;CONSORCIO NACIONAL 38674 FUNDACION;CONSORCIO NACIONAL 38674
413;FB03B479-0820-4408-BA15-949A68DF4D26;15648027632;COMERCIO NO GUBERNAMENTAL 27632 CORP. S.A.C.;COMERCIO NO GUBERNAMENTAL 27632 CORP.
414;27056B79-D7D6-4997-BA0A-542C5BB16F2E;13648027333;INDUSTRIA PUBLICA 27333 CONSORCIO S.A.C.;INDUSTRIA PUBLICA 27333 CONSORCIO
415;792B5904-BDD9-4F19-828A-F8FBFBEBFBD9;74428173146;EMPRESA ESTATAL 73146 SAA;EMPRESA ESTATAL 73146
416;54F6A96F-2D24-4BDC-B97F-09F08D967EF9;11648031608;CONSORCIO NACIONAL 31608 CONSORCIO S.A.C.;CONSORCIO NACIONAL 31608 CONSORCIO
417;C4934CE3-364D-49A8-831E-5E4D859486D0;12648032621;UNIVERSIDAD PRIVADA 32621 S.C.R.L;UNIVERSIDAD PRIVADA 32621
418;09D2DC99-3981-4836-9807-650B3CD3CD8F;11648145861;CORPORACION PARTICULAR 45861 S.R.L.;CORPORACION PARTICULAR 45861
419;40F88A19-8865-4018-95A1-34667A164CF2;12648177735;INVERSIONES REGIONAL 77735 S.A.;INVERSIONES REGIONAL 77735
420;234DD51E-7948-46E2-84AA-96AF26627780;13648179702;LOGISTICA NACIONAL NACIONAL 79702 E.I.R.L.;LOGISTICA NACIONAL NACIONAL 79702
421;06222796-D397-42E6-B540-6C2BB81415AA;14648196851;SOLUCIONES EMPRESARIALES OTRO 96851 GROUP S.A.C.;SOLUCIONES EMPRESARIALES OTRO 96851 GROUP
422;5001A2A0-3976-4AC5-B415-CDAE0A63EEE6;16648205410;ALMACENES MUNICIPAL 05410 S.A.C;ALMACENES MUNICIPAL 05410
423;89F68FDF-D046-4AA6-B0EE-5A8B05AE739D;17648209488;SERVICIOS INTEGRALES INTERNACIONAL 09488 ASOCIACION CIVIL;SERVICIOS INTEGRALES INTERNACIONAL 09488
424;FDFF8B62-3EE4-450B-BFD3-293E6953FEEC;18648225559;CONSULTORIA ESTRATEGICA PRIVADA 25559 GROUP S.A.C.;CONSULTORIA ESTRATEGICA PRIVADA 25559 GROUP
425;1D96D706-3006-432E-A49A-B2BC9EFCC6AA;10648229428;IMPORTACIONES DEL PACIFICO PUBLICA 29428 CONSORCIO S.A.C.;IMPORTACIONES DEL PACIFICO PUBLICA 29428 CONSORCIO
426;DC10ACA5-1A7B-4E05-AF14-7C02EF26C5DB;19648229968;EXPORTACIONES ANDINAS PARTICULAR 29968 SAA;EXPORTACIONES ANDINAS PARTICULAR 29968
427;09117CE3-3812-4350-8771-1A8E53AAE1E9;11648236459;PROYECTOS Y OBRAS REGIONAL 36459 ASOC.;PROYECTOS Y OBRAS REGIONAL 36459
428;B1FFF3D9-A62F-49C2-B6EF-83DCADDBD0EA;18648357472;DISTRIBUCIONES GENERALES NO GUBERNAMENTAL 57472 S.A.;DISTRIBUCIONES GENERALES NO GUBERNAMENTAL 57472
429;509F0041-D12A-46D5-97EC-3EE6C73AF082;10648381622;CENTRO EMPRESARIAL ESTATAL 81622 S.A.C;CENTRO EMPRESARIAL ESTATAL 81622
430;98BFB48C-1F8F-454B-89CF-7BAFA523DC8C;11648386648;MERCADOS MAYORISTAS MUNICIPAL 86648 SRL;MERCADOS MAYORISTAS MUNICIPAL 86648
431;DC1CB9A0-BA23-486F-9371-A59C235EB13D;19648383856;OPERACIONES INDUSTRIALES OTRO 83856 SRL;OPERACIONES INDUSTRIALES OTRO 83856
432;516EC44A-0F34-4D4C-B037-A0ED1E05A2A5;13648406839;DESARROLLO TERRITORIAL PRIVADA 06839 S.A;DESARROLLO TERRITORIAL PRIVADA 06839
433;D84CC1A4-5D74-492C-BA6E-DB51BC2390D0;16648424822;PLATAFORMA LOGISTICA NO GUBERNAMENTAL 24822 EIRL;PLATAFORMA LOGISTICA NO GUBERNAMENTAL 24822
434;1BF1C94F-46A5-44F6-AE50-6D3D909F2831;17648424843;SERVICIOS DIGITALES PARTICULAR 24843 EIRL;SERVICIOS DIGITALES PARTICULAR 24843
435;DD34C886-EA6A-4D18-B382-054C27D152E8;15648424692;RED COMERCIAL PUBLICA 24692 COOPERATIVA;RED COMERCIAL PUBLICA 24692
436;F9F192EB-3671-440E-BB13-A78FBA38A2C3;18648433622;UNIVERSIDAD NACIONAL SAN MARCOS 33622 S.A.;UNIVERSIDAD NACIONAL SAN MARCOS 33622
437;4C88E31C-F20C-4255-A3B8-716493165B37;10648444971;MINISTERIO DE SALUD 44971 FUNDACION;MINISTERIO DE SALUD 44971
438;BDE3A1E4-E877-4264-8D63-C055BF86B15B;12648554292;UNIVERSIDAD CATOLICA 54292 S.C.R.L;UNIVERSIDAD CATOLICA 54292
439;3E7D5117-3A58-4F22-8F56-62032EB5CEA5;13648559824;MINISTERIO DE EDUCACION 59824 S.S.;MINISTERIO DE EDUCACION 59824
440;3C96D2BC-B8AA-4030-B42E-E92CE5291512;11649419583;CONSORCIO NACIONAL 19583 S.C.R.L;CONSORCIO NACIONAL 19583
441;1184EEF4-30F9-47E5-9358-F7DF1C41D12B;52344248095;EMPRESA ESTATAL 48095 HOLDING S.A.;EMPRESA ESTATAL 48095 HOLDING
442;F2265640-2424-47AE-98DA-822A45CBF808;13651282619;INDUSTRIA PUBLICA 82619 SRL;INDUSTRIA PUBLICA 82619
443;7E5913A7-DAA4-4C9C-BCC0-39AEA874F0A0;11651283037;CONSORCIO NACIONAL 83037 S.A.;CONSORCIO NACIONAL 83037
444;4B24956B-A5B3-4541-A207-E92F0E3AACB9;15651283310;COMERCIO NO GUBERNAMENTAL 83310 S.A.;COMERCIO NO GUBERNAMENTAL 83310
445;6FB88DC1-6764-42D0-804A-2169C00B9963;12651287275;UNIVERSIDAD PRIVADA 87275 S.C.R.L;UNIVERSIDAD PRIVADA 87275
446;4CECA37E-CD2B-4A36-A5A7-101A1064EE9C;14651288336;CORPORACION PARTICULAR 88336 ASOC.;CORPORACION PARTICULAR 88336
447;2DB2D2A5-E7D2-4F17-803B-40DB3597FB4D;83146864052;EMPRESA ESTATAL 64052 INVERSIONES S.A.C.;EMPRESA ESTATAL 64052 INVERSIONES
448;22861CC5-F738-4B1E-8956-131EB2176637;12651416174;LOGISTICA NACIONAL NACIONAL 16174 S.R.L.;LOGISTICA NACIONAL NACIONAL 16174
449;7E89F3AD-2A27-4F49-993C-401846C1F8ED;14651446734;CONSULTORIA ESTRATEGICA PRIVADA 46734 S.A.C.;CONSULTORIA ESTRATEGICA PRIVADA 46734
450;918397BC-0152-478C-834E-F04A8EDD109D;15651444991;SOLUCIONES EMPRESARIALES OTRO 44991 S.A.A.;SOLUCIONES EMPRESARIALES OTRO 44991
451;BC6767CF-67C1-450E-A90B-5D62387804ED;13651446908;ALMACENES MUNICIPAL 46908 INVERSIONES S.A.C.;ALMACENES MUNICIPAL 46908 INVERSIONES
452;C55AEFF2-1F2F-47CE-AC35-A848E18FA1B6;17651458388;INVERSIONES REGIONAL 58388 FUNDACION;INVERSIONES REGIONAL 58388
453;776602A2-2CAA-45CE-B35E-DA476A280F88;18651476614;EXPORTACIONES ANDINAS PARTICULAR 76614 FUNDACION;EXPORTACIONES ANDINAS PARTICULAR 76614
454;B63F1557-8614-4EF4-AFA1-35B6649FEC48;19651477196;TECNOLOGIAS APLICADAS ESTATAL 77196 S.S;TECNOLOGIAS APLICADAS ESTATAL 77196
455;DEBB8497-8842-42BB-9ED5-D2FF60C08CF7;10651479880;DISTRIBUCIONES GENERALES NO GUBERNAMENTAL 79880 INVERSIONES S.A.C.;DISTRIBUCIONES GENERALES NO GUBERNAMENTAL 79880 INVERSIONES
456;13F692CA-D1C1-4328-AA61-56D3DD8B770D;11651485966;IMPORTACIONES DEL PACIFICO PUBLICA 85966 INVERSIONES S.A.C.;IMPORTACIONES DEL PACIFICO PUBLICA 85966 INVERSIONES
457;66C7BA2C-90B9-4DBD-9B84-FCE7F3A04CF1;17651566812;UNIDAD CORPORATIVA NACIONAL 66812 S.A;UNIDAD CORPORATIVA NACIONAL 66812
458;3612F45B-126F-4521-BEB1-FFA23AC0979C;18651580046;DESARROLLO TERRITORIAL PRIVADA 80046 S.S;DESARROLLO TERRITORIAL PRIVADA 80046
459;2866B2FD-F36F-42A2-9EFB-FAAC57D85310;19651593500;RED COMERCIAL PUBLICA 93500 S.R.L.;RED COMERCIAL PUBLICA 93500
460;96AFF52B-FE43-45A2-8F77-0619772C9257;10651615555;MERCADOS MAYORISTAS MUNICIPAL 15555 INVERSIONES S.A.C.;MERCADOS MAYORISTAS MUNICIPAL 15555 INVERSIONES
461;81455E9A-7D88-40E2-86A8-DA3B8A7E138B;11651629070;PROYECTOS Y OBRAS REGIONAL 29070 HOLDING S.A.;PROYECTOS Y OBRAS REGIONAL 29070 HOLDING
462;BEBB90E8-C76C-4B59-9F63-749D87E68597;12651634796;SERVICIOS DIGITALES PARTICULAR 34796 COOP.;SERVICIOS DIGITALES PARTICULAR 34796
463;B677F84B-BEDF-4558-8929-232FE77917F1;14651643363;GESTION ADMINISTRATIVA INTERNACIONAL 43363 SERVICIOS GENERALES S.A.C.;GESTION ADMINISTRATIVA INTERNACIONAL 43363 SERVICIOS GENERALES
464;A4D0B45B-3F6A-460D-94DA-BCDE9BD538FA;13651649326;CENTRO EMPRESARIAL ESTATAL 49326 SAA;CENTRO EMPRESARIAL ESTATAL 49326
465;C0A5A244-A0CD-4F42-A328-BC72357A7518;15651652331;OPERACIONES INDUSTRIALES OTRO 52331 COOPERATIVA;OPERACIONES INDUSTRIALES OTRO 52331
466;DBCCFA26-FA79-4143-95FE-07A126A9FD48;11651781733;PLATAFORMA LOGISTICA NO GUBERNAMENTAL 81733 S.A;PLATAFORMA LOGISTICA NO GUBERNAMENTAL 81733
467;6E0D41F9-E880-47A9-9F1C-F2A3AC868E6F;12651791674;UNIVERSIDAD CATOLICA 91674 HOLDING S.A.;UNIVERSIDAD CATOLICA 91674 HOLDING
468;86BDFA70-5190-461D-BE51-C0952A37E265;14651809115;UNIVERSIDAD NACIONAL SAN MARCOS 09115 INVERSIONES S.A.C.;UNIVERSIDAD NACIONAL SAN MARCOS 09115 INVERSIONES
469;05843CDE-60D2-4CD0-867E-C526919DE2EA;15651811255;MINISTERIO DE EDUCACION 11255 COOPERATIVA;MINISTERIO DE EDUCACION 11255
470;39C07382-C3D6-4BF8-94A5-C91FDCCB96FA;13651813810;MINISTERIO DE SALUD 13810 S.S;MINISTERIO DE SALUD 13810
471;BC0494FB-FEF9-4C79-A591-C15B20111EE9;13652667776;INDUSTRIA PUBLICA 67776 HOLDING S.A.;INDUSTRIA PUBLICA 67776 HOLDING
472;89FBCD7A-DC66-4A14-A709-D0586B8AD2B7;14652668228;CORPORACION PARTICULAR 68228 GROUP S.A.C.;CORPORACION PARTICULAR 68228 GROUP
473;2DA7880E-14C9-41E9-8FF8-5D1E22BE5E42;12652672636;UNIVERSIDAD PRIVADA 72636 FUNDACION;UNIVERSIDAD PRIVADA 72636
474;0BA33F30-6211-4155-B4E8-8B1B1148B77B;15652672551;COMERCIO NO GUBERNAMENTAL 72551 SAA;COMERCIO NO GUBERNAMENTAL 72551
475;9D5F2BC4-609C-48DB-9C55-B5469456B49C;11652675177;CONSORCIO NACIONAL 75177 S.C.R.L.;CONSORCIO NACIONAL 75177
476;88CAFDFE-0233-4DF1-AC0B-D8F2B3ABB825;11652787619;LOGISTICA NACIONAL NACIONAL 87619 CONSORCIO S.A.C.;LOGISTICA NACIONAL NACIONAL 87619 CONSORCIO
477;26D6B944-0BFB-43EF-9D4E-8912BE2B62F3;12652819129;CONSULTORIA ESTRATEGICA PRIVADA 19129 CONSORCIO S.A.C.;CONSULTORIA ESTRATEGICA PRIVADA 19129 CONSORCIO
478;57293F79-C3EE-4AB2-975C-220874FDE399;14652822128;EXPORTACIONES ANDINAS PARTICULAR 22128 SAA;EXPORTACIONES ANDINAS PARTICULAR 22128
479;506F730C-8E92-43C1-A784-D5E1D0D58674;13652823305;IMPORTACIONES DEL PACIFICO PUBLICA 23305 HOLDING S.A.;IMPORTACIONES DEL PACIFICO PUBLICA 23305 HOLDING
480;C5363984-2379-4086-A8B1-F4CC0F2CFFA9;15652827703;DISTRIBUCIONES GENERALES NO GUBERNAMENTAL 27703 GROUP S.A.C.;DISTRIBUCIONES GENERALES NO GUBERNAMENTAL 27703 GROUP
481;41C5D4CE-F7B3-4222-972F-C66A05FB9379;10652853508;GESTION ADMINISTRATIVA INTERNACIONAL 53508 S.A.A.;GESTION ADMINISTRATIVA INTERNACIONAL 53508
482;0F2844B5-2AFE-4762-ABF3-B068D2226F4A;19652855979;PROYECTOS Y OBRAS REGIONAL 55979 S.R.L.;PROYECTOS Y OBRAS REGIONAL 55979
483;CAD7301C-A4EE-4D58-A67D-3E7487E6F7AC;18652856471;OPERACIONES INDUSTRIALES OTRO 56471 FUNDACION;OPERACIONES INDUSTRIALES OTRO 56471
484;C884232F-41D1-4078-A7F8-9543B6241D09;11652865861;UNIDAD CORPORATIVA NACIONAL 65861 HOLDING S.A.;UNIDAD CORPORATIVA NACIONAL 65861 HOLDING
485;30F06607-3A42-4748-A65E-E4A4FD2741D5;12652879824;DESARROLLO TERRITORIAL PRIVADA 79824 S.R.L.;DESARROLLO TERRITORIAL PRIVADA 79824
486;AEF1F1AB-74B6-422F-AB9C-C16E60F49037;17652952614;UNIVERSIDAD CATOLICA 52614 S.S.;UNIVERSIDAD CATOLICA 52614
487;E5754131-BCA1-4268-A91E-22B05C92C388;18652963949;MINISTERIO DE SALUD 63949 S.A;MINISTERIO DE SALUD 63949
488;0EB862B1-C8AE-4921-99D8-F571525BEB49;19652968691;MINISTERIO DE EDUCACION 68691 INVERSIONES S.A.C.;MINISTERIO DE EDUCACION 68691 INVERSIONES
489;E990E9E0-0770-45C3-B283-EFCE1B043CD9;14653725792;CORPORACION PARTICULAR 25792 HOLDING S.A.;CORPORACION PARTICULAR 25792 HOLDING
490;12F9DA14-DC14-46A4-B1A0-0AEBDAD8E232;11653725960;CONSORCIO NACIONAL 25960 SERVICIOS GENERALES S.A.C.;CONSORCIO NACIONAL 25960 SERVICIOS GENERALES
491;3440A6FB-C947-47C4-819F-EE9163315929;13653726380;INDUSTRIA PUBLICA 26380 HOLDING S.A.;INDUSTRIA PUBLICA 26380 HOLDING
492;90AB3DBD-BD55-4AE0-A65B-E03BB38CD71C;15653726241;COMERCIO NO GUBERNAMENTAL 26241 S.R.L.;COMERCIO NO GUBERNAMENTAL 26241
493;F5934FDD-FA8D-497B-BAC3-84AE59DF9947;12653731134;UNIVERSIDAD PRIVADA 31134 CORP. S.A.C.;UNIVERSIDAD PRIVADA 31134 CORP.
494;437D97D7-DDEC-4915-9193-85CFC2CC5499;92535209871;EMPRESA ESTATAL 09871 S.A;EMPRESA ESTATAL 09871
495;7AFFE4A5-6278-4289-9979-927ECBA57245;14653875807;SERVICIOS INTEGRALES INTERNACIONAL 75807 S.A.C.;SERVICIOS INTEGRALES INTERNACIONAL 75807
496;1D568A85-BEA2-4147-9060-A9D1F189963B;13653879243;TECNOLOGIAS APLICADAS ESTATAL 79243 S.C.R.L.;TECNOLOGIAS APLICADAS ESTATAL 79243
497;1B364575-83FC-4122-9710-7E4DD4EDCC19;12653879231;ALMACENES MUNICIPAL 79231 INVERSIONES S.A.C.;ALMACENES MUNICIPAL 79231 INVERSIONES
498;083D633A-181A-4791-A627-FEE6251F5F6E;15653883740;LOGISTICA NACIONAL NACIONAL 83740 CORP. S.A.C.;LOGISTICA NACIONAL NACIONAL 83740 CORP.
499;D345046D-4E69-4F24-943B-E7B0F2073FA9;17653902925;INVERSIONES REGIONAL 02925 COOPERATIVA;INVERSIONES REGIONAL 02925
500;4B6FBE5B-E51D-4C0F-9B9D-7D18874CEBA9;18653914108;CONSULTORIA ESTRATEGICA PRIVADA 14108 SAA;CONSULTORIA ESTRATEGICA PRIVADA 14108
501;02EC17DA-0135-4897-96C0-6BBA3F6B2C46;10653914700;IMPORTACIONES DEL PACIFICO PUBLICA 14700 S.A;IMPORTACIONES DEL PACIFICO PUBLICA 14700
502;ACCDE10D-77A7-49A5-8EC3-A30217003104;19653917243;EXPORTACIONES ANDINAS PARTICULAR 17243 FUNDACION;EXPORTACIONES ANDINAS PARTICULAR 17243
503;1C5F43D3-66C9-43F7-9BC4-2076DE49404E;11653918913;DISTRIBUCIONES GENERALES NO GUBERNAMENTAL 18913 SAA;DISTRIBUCIONES GENERALES NO GUBERNAMENTAL 18913
504;DCF039F9-E24E-4C4A-BFEA-19CFADAFB08D;17654009996;UNIDAD CORPORATIVA NACIONAL 09996 S.A.C.;UNIDAD CORPORATIVA NACIONAL 09996
505;AAC7D145-5D32-4A51-BA40-722DFFE05621;18654022671;DESARROLLO TERRITORIAL PRIVADA 22671 S.A.C.;DESARROLLO TERRITORIAL PRIVADA 22671
506;7A3B9C70-6312-4A90-82C0-0C908B59185D;19654043233;RED COMERCIAL PUBLICA 43233 S.C.R.L;RED COMERCIAL PUBLICA 43233
507;FA22331A-C4A5-4999-83E4-D2324B86F7A4;11654065329;PROYECTOS Y OBRAS REGIONAL 65329 SRL;PROYECTOS Y OBRAS REGIONAL 65329
508;FB5C6062-D51C-49F7-924E-A00461ACF580;10654065228;OPERACIONES INDUSTRIALES OTRO 65228 SERVICIOS GENERALES S.A.C.;OPERACIONES INDUSTRIALES OTRO 65228 SERVICIOS GENERALES
509;B9656B15-E401-4687-AEC3-0885BC14CA44;12654066834;SERVICIOS DIGITALES PARTICULAR 66834 S.R.L.;SERVICIOS DIGITALES PARTICULAR 66834
510;D7B416D3-EDFE-4427-A83A-1DBB7B3B8A3D;13654069338;CENTRO EMPRESARIAL ESTATAL 69338 S.S;CENTRO EMPRESARIAL ESTATAL 69338
511;B3D7350E-491A-4D00-9A07-666C13CFA286;15654088964;GESTION ADMINISTRATIVA INTERNACIONAL 88964 CONSORCIO S.A.C.;GESTION ADMINISTRATIVA INTERNACIONAL 88964 CONSORCIO
512;8F822DE1-29A7-446B-9A45-74B2A25D6706;14654091450;MERCADOS MAYORISTAS MUNICIPAL 91450 COOP.;MERCADOS MAYORISTAS MUNICIPAL 91450
513;7C4A2322-87D1-48AE-8A3F-2A0AE2F25229;17654104940;UNIVERSIDAD NACIONAL SAN MARCOS 04940 HOLDING S.A.;UNIVERSIDAD NACIONAL SAN MARCOS 04940 HOLDING
514;EB817F08-104F-4A9D-A3B8-4777F3561B28;11654222688;UNIVERSIDAD CATOLICA 22688 S.A;UNIVERSIDAD CATOLICA 22688
515;A8F70420-6B2E-46B2-85DC-75DE378D19DA;13654227169;PLATAFORMA LOGISTICA NO GUBERNAMENTAL 27169 S.R.L.;PLATAFORMA LOGISTICA NO GUBERNAMENTAL 27169
516;3D504394-A81B-47DA-9F12-13B433202FFC;12654227007;MINISTERIO DE SALUD 27007 EIRL;MINISTERIO DE SALUD 27007
517;7840A12B-6910-4FF5-ACEC-03353281BBA2;14654243732;MINISTERIO DE EDUCACION 43732 S.R.L.;MINISTERIO DE EDUCACION 43732
518;A9539708-B1BE-4ADC-A089-1465B6DEE207;30615632089;EMPRESA ESTATAL 32089 CORP. S.A.C.;EMPRESA ESTATAL 32089 CORP.
519;AEBADCB5-F7B0-4892-B681-FCB7AF18AE92;11702198722;CONSORCIO NACIONAL 98722 S.A;CONSORCIO NACIONAL 98722
520;1E2C87D4-349E-4701-B8E7-EF9E504097A6;13702198419;INDUSTRIA PUBLICA 98419 COOPERATIVA;INDUSTRIA PUBLICA 98419
521;39F9084B-EF3F-4D82-BB31-6AF73F2F99DF;15702201139;COMERCIO NO GUBERNAMENTAL 01139 SERVICIOS GENERALES S.A.C.;COMERCIO NO GUBERNAMENTAL 01139 SERVICIOS GENERALES
522;8A08D331-D459-4821-AE23-F2CC93F34BA0;32937389782;EMPRESA ESTATAL 89782 E.I.R.L.;EMPRESA ESTATAL 89782
523;1DFB34DD-8779-4EE3-88EF-C98E427BCD7A;14702207337;CORPORACION PARTICULAR 07337 S.C.R.L;CORPORACION PARTICULAR 07337
524;71EEA938-8DAB-4C2A-B9CE-7534131CC898;12702350166;SOLUCIONES EMPRESARIALES OTRO 50166 SRL;SOLUCIONES EMPRESARIALES OTRO 50166
525;C4157D64-2399-4FF6-B102-4333EC8B2947;11702349794;ALMACENES MUNICIPAL 49794 CORP. S.A.C.;ALMACENES MUNICIPAL 49794 CORP.
526;3988CAAB-060A-4AE1-B07A-DC91EA49ADDB;13702353225;SERVICIOS INTEGRALES INTERNACIONAL 53225 S.A;SERVICIOS INTEGRALES INTERNACIONAL 53225
527;15A1803B-9547-47AC-971B-E7AA43330B3D;14702366811;INVERSIONES REGIONAL 66811 COOP.;INVERSIONES REGIONAL 66811
528;3126863E-B108-431D-83A0-6929175FF1C9;16704419692;ALMACENES MUNICIPAL 19692 S.S;ALMACENES MUNICIPAL 19692
529;E65CAD25-C51A-4538-AE70-D810EA0787EA;11704420620;CONSORCIO NACIONAL 20620 E.I.R.L.;CONSORCIO NACIONAL 20620
530;0EA5EB8D-E158-4079-A66A-11731A18E1E0;13704423047;INDUSTRIA PUBLICA 23047 S.C.R.L.;INDUSTRIA PUBLICA 23047
531;5B7935BD-04D7-40F0-9AAB-7C0460EDE928;15704422893;COMERCIO NO GUBERNAMENTAL 22893 S.R.L.;COMERCIO NO GUBERNAMENTAL 22893
532;31162274-F137-48D3-8DD6-D4A415D56E10;17704430961;INVERSIONES REGIONAL 30961 S.A.C.;INVERSIONES REGIONAL 30961
533;940ED4A3-5596-4481-96AA-714D9B18FBA5;198125211;EMPRESA ESTATAL 25211 ASOCIACION CIVIL;EMPRESA ESTATAL 25211
534;85475197-5A37-4493-959B-2EF29D108899;10704551877;UNIVERSIDAD PRIVADA 51877 CONSORCIO S.A.C.;UNIVERSIDAD PRIVADA 51877 CONSORCIO
535;5AEE21CA-1188-4DF4-B7F7-6C30D29CF7CE;12704564715;CORPORACION PARTICULAR 64715 COOPERATIVA;CORPORACION PARTICULAR 64715
536;FFB820F9-0957-4549-810B-032C1A99B4B4;13704577644;SERVICIOS INTEGRALES INTERNACIONAL 77644 S.A.A.;SERVICIOS INTEGRALES INTERNACIONAL 77644
537;1419303B-D2F0-42B2-9078-8A5D332881DD;14704582551;SOLUCIONES EMPRESARIALES OTRO 82551 ASOC.;SOLUCIONES EMPRESARIALES OTRO 82551
538;9F1AA804-9656-45A5-A5D0-45E5A8227F7A;14704964880;CORPORACION PARTICULAR 64880 FUNDACION;CORPORACION PARTICULAR 64880
539;99724809-AA1D-4056-9AB2-51889EBE847F;17704967742;INVERSIONES REGIONAL 67742 COOPERATIVA;INVERSIONES REGIONAL 67742
540;57C3370C-6AD4-4F12-B20E-AB52D38BE200;12704967950;UNIVERSIDAD PRIVADA 67950 S.C.R.L;UNIVERSIDAD PRIVADA 67950
541;FF33FCAD-DD9A-474E-ADEF-54815F4B0A49;13704963527;INDUSTRIA PUBLICA 63527 S.A.C.;INDUSTRIA PUBLICA 63527
542;02905D17-460A-4B1B-9E81-81FF6CDE4AD0;9228219226;EMPRESA ESTATAL 19226 ASOCIACION CIVIL;EMPRESA ESTATAL 19226
543;F04F5C0C-3D15-4A3E-9897-599741F3238B;10705039051;ALMACENES MUNICIPAL 39051 GROUP S.A.C.;ALMACENES MUNICIPAL 39051 GROUP
544;E6A94F6C-A946-4F2C-9D0E-BC5C5A6724C4;17704926912;EMPRESA ESTATAL 26912 S.A.C.;EMPRESA 26912
545;5F25646A-EFFF-414F-A31C-03E8A2548C37;17704926914;CONSORCIO NACIONAL 26914 S.A.;CONSORCIO 26914
546;CA364A8C-C98A-48B2-B4A2-92215AC93EE6;14704926915;UNIVERSIDAD PRIVADA 26915 S.R.L.;UNIVERSIDAD 26915
547;506DC33C-9AAC-4D89-A33E-F76F09A754FE;12704926916;INDUSTRIA PUBLICA 26916 E.I.R.L.;INDUSTRIA 26916
548;00A69AE4-C9B4-4207-A8EF-40ABFE34AC3A;95522384175;EMPRESA ESTATAL 84175 S.A.;EMPRESA ESTATAL 84175
549;4C40E35C-8926-4BF8-B531-4E30FD111A68;17711212152;INVERSIONES REGIONAL 12152 GROUP S.A.C.;INVERSIONES REGIONAL 12152 GROUP
550;84B2E406-DEDD-405B-851A-6C6B69A55CD3;15711215393;COMERCIO NO GUBERNAMENTAL 15393 COOPERATIVA;COMERCIO NO GUBERNAMENTAL 15393
551;A3D311A0-61E8-4C7B-9D6C-704CBD29BDA9;11711220447;CONSORCIO NACIONAL 20447 S.A;CONSORCIO NACIONAL 20447
552;A8228AF3-4CAC-4D8D-8537-76CD41ACB16A;13711222461;INDUSTRIA PUBLICA 22461 S.A.C.;INDUSTRIA PUBLICA 22461
553;A84237E8-90C4-4404-9BEA-FC56E878943D;16711173384;EMPRESA ESTATAL 73384 S.A.C.;EMPRESA 73384
554;A2B39FF7-6422-4D70-9D06-493241279CBE;10711173386;CONSORCIO NACIONAL 73386 S.A.;CONSORCIO 73386
555;60A26480-0F2E-4C0D-AA83-B960DCAFF274;10711173387;UNIVERSIDAD PRIVADA 73387 S.R.L.;UNIVERSIDAD 73387
556;10F03DE8-FB26-4CB1-B24A-94266136B1F8;18711173388;INDUSTRIA PUBLICA 73388 E.I.R.L.;INDUSTRIA 73388
557;D929D1FA-3E0A-414F-B66A-04D207E00836;13711173389;CORPORACION PARTICULAR 73389 S.A.A.;CORPORACION 73389
558;AA717F1E-B7AE-4989-BBB6-D80E72C08B58;12711536534;UNIVERSIDAD PRIVADA 36534 CONSORCIO S.A.C.;UNIVERSIDAD PRIVADA 36534 CONSORCIO
559;CF2D85B4-C060-4CB9-9463-7F5AAEB53DA7;13711537686;INDUSTRIA PUBLICA 37686 S.A.A.;INDUSTRIA PUBLICA 37686
560;BA173FAA-1F8C-4F83-BEB0-CEA77A5F2CBC;52446743822;EMPRESA ESTATAL 43822 SRL;EMPRESA ESTATAL 43822
561;BC0EB398-2C2D-4909-B460-99EC50FB45FE;15711545503;COMERCIO NO GUBERNAMENTAL 45503 CORP. S.A.C.;COMERCIO NO GUBERNAMENTAL 45503 CORP.
562;490C9A83-65C9-489A-8979-AB2DEB5A7022;17711556625;INVERSIONES REGIONAL 56625 HOLDING S.A.;INVERSIONES REGIONAL 56625 HOLDING
563;AE3976D8-0DBF-4B82-94F0-5CC92AB50904;13711506326;EMPRESA ESTATAL 06326 S.A.C.;EMPRESA 06326
564;46B99A19-AC97-435B-8194-2BB3771EA99D;12711506328;CONSORCIO NACIONAL 06328 S.A.;CONSORCIO 06328
565;F008F581-D28A-426A-9328-5133D851EA44;12711812489;UNIVERSIDAD PRIVADA 12489 CONSORCIO S.A.C.;UNIVERSIDAD PRIVADA 12489 CONSORCIO
566;1ED63CD3-3027-46BE-A9C9-42647575E52D;11711813684;CONSORCIO NACIONAL 13684 S.A.C.;CONSORCIO NACIONAL 13684
567;CDBE13BB-1BB7-4205-8CE1-FE370BF9BAE6;17711823674;INVERSIONES REGIONAL 23674 CONSORCIO S.A.C.;INVERSIONES REGIONAL 23674 CONSORCIO
568;733B91F6-B0F6-4B82-A991-4EF246E0861D;14711826874;CORPORACION PARTICULAR 26874 S.S;CORPORACION PARTICULAR 26874
569;788F26C3-768C-4C3C-86C6-7E95CB074B60;16711830093;ALMACENES MUNICIPAL 30093 COOPERATIVA;ALMACENES MUNICIPAL 30093
570;9E96DE32-25B8-44E0-AD50-56395B7F9C3E;17711784588;EMPRESA ESTATAL 84588 S.A.C.;EMPRESA 84588
571;4C83AABF-4153-42B2-A39D-9EA5122A6A8A;11711784591;UNIVERSIDAD PRIVADA 84591 S.R.L.;UNIVERSIDAD 84591
572;731965BD-8B90-4616-B1DE-0E1EC5E47226;10711784590;CONSORCIO NACIONAL 84590 S.A.;CONSORCIO 84590
573;2565A3B9-6F83-42B9-B4D1-804E21A77E1B;16711784592;INDUSTRIA PUBLICA 84592 E.I.R.L.;INDUSTRIA 84592
574;393F27D3-8CFD-4F9C-8F32-97863A92B53E;66944662027;EMPRESA ESTATAL 62027 S.C.R.L;EMPRESA ESTATAL 62027
575;BC5E7DB3-C0F8-405C-AE07-1A357A0F742E;60030265926;EMPRESA ESTATAL 65926 CORP. S.A.C.;EMPRESA ESTATAL 65926 CORP.
576;387B8427-61E5-4E3E-B9FF-8A81C7527260;16864824479;ALMACENES MUNICIPAL 24479 S.A.C.;ALMACENES MUNICIPAL 24479
577;A3209A91-69B6-4627-A2EB-9027C4D50EA7;12864826396;UNIVERSIDAD PRIVADA 26396 S.C.R.L;UNIVERSIDAD PRIVADA 26396
578;B4FD9B94-9AFD-41EF-83D5-D40EDB0059F8;11864836310;CONSORCIO NACIONAL 36310 INVERSIONES S.A.C.;CONSORCIO NACIONAL 36310 INVERSIONES
579;53C3B3F5-D12C-4CB7-86BD-BE4B41F79BD4;13864841044;INDUSTRIA PUBLICA 41044 EIRL;INDUSTRIA PUBLICA 41044
580;A5667490-3EC3-4BD6-A763-3E15F3BB51DA;18872078436;EMPRESA ESTATAL 78436 ASOCIACION CIVIL;EMPRESA ESTATAL 78436
581;5DC7CC37-D83E-4D07-B4E1-92A2A59F4BBB;10864886960;INVERSIONES REGIONAL 86960 SERVICIOS GENERALES S.A.C.;INVERSIONES REGIONAL 86960 SERVICIOS GENERALES
582;B2176EC2-313D-41A6-B2EE-5C084C7E82C8;11864889455;CORPORACION PARTICULAR 89455 INVERSIONES S.A.C.;CORPORACION PARTICULAR 89455 INVERSIONES
583;817B1719-A6ED-4466-AC17-BB7DCD7C29E5;12864965545;COMERCIO NO GUBERNAMENTAL 65545 INVERSIONES S.A.C.;COMERCIO NO GUBERNAMENTAL 65545 INVERSIONES
584;F0A0BEE5-1110-4C1A-8C1D-91042DDCAB95;13864991124;SERVICIOS INTEGRALES INTERNACIONAL 91124 ASOC.;SERVICIOS INTEGRALES INTERNACIONAL 91124
585;C2D23B4B-A776-40DC-8034-3C5D5E1D84A5;14864999562;SOLUCIONES EMPRESARIALES OTRO 99562 FUNDACION;SOLUCIONES EMPRESARIALES OTRO 99562
586;7A37DA04-CE27-493C-B6B4-15C944B17128;14895503643;CORPORACION PARTICULAR 03643 COOP.;CORPORACION PARTICULAR 03643
587;152582E5-F36B-4CDC-A880-4C0CD06A90DE;13895505581;INDUSTRIA PUBLICA 05581 FUNDACION;INDUSTRIA PUBLICA 05581
588;3175CDF5-CF02-42A7-B749-FB40AE2AFDB4;11895521417;CONSORCIO NACIONAL 21417 SRL;CONSORCIO NACIONAL 21417
589;9AA7FA3C-0A31-4DF6-94F6-D417CA462B51;11941440713;EMPRESA ESTATAL 40713 S.A.C;EMPRESA ESTATAL 40713
590;05EAAEF0-777F-4A72-8818-817B4142E674;17895589566;UNIVERSIDAD PRIVADA 89566 S.C.R.L;UNIVERSIDAD PRIVADA 89566
